#
# There is insufficient memory for the Java Runtime Environment to continue.
# Native memory allocation (malloc) failed to allocate 1132576 bytes. Error detail: Chunk::new
# Possible reasons:
#   The system is out of physical RAM or swap space
#   This process is running with CompressedOops enabled, and the Java Heap may be blocking the growth of the native heap
# Possible solutions:
#   Reduce memory load on the system
#   Increase physical memory or swap space
#   Check if swap backing store is full
#   Decrease Java heap size (-Xmx/-Xms)
#   Decrease number of Java threads
#   Decrease Java thread stack sizes (-Xss)
#   Set larger code cache with -XX:ReservedCodeCacheSize=
#   JVM is running with Unscaled Compressed Oops mode in which the Java heap is
#     placed in the first 4GB address space. The Java Heap base address is the
#     maximum limit for the native heap growth. Please use -XX:HeapBaseMinAddress
#     to set the Java Heap base and to place the Java Heap above 4GB virtual address.
# This output file may be truncated or incomplete.
#
#  Out of Memory Error (arena.cpp:168), pid=2312, tid=7852
#
# JRE version: OpenJDK Runtime Environment Temurin-21.0.4+7 (21.0.4+7) (build 21.0.4+7-LTS)
# Java VM: OpenJDK 64-Bit Server VM Temurin-21.0.4+7 (21.0.4+7-LTS, mixed mode, sharing, tiered, compressed oops, compressed class ptrs, g1 gc, windows-amd64)
# No core dump will be written. Minidumps are not enabled by default on client versions of Windows
#

---------------  S U M M A R Y ------------

Command Line: --add-opens=java.base/java.lang=ALL-UNNAMED --add-opens=java.base/java.lang.invoke=ALL-UNNAMED --add-opens=java.base/java.util=ALL-UNNAMED --add-opens=java.prefs/java.util.prefs=ALL-UNNAMED --add-exports=jdk.compiler/com.sun.tools.javac.api=ALL-UNNAMED --add-exports=jdk.compiler/com.sun.tools.javac.util=ALL-UNNAMED --add-opens=java.base/java.util=ALL-UNNAMED --add-opens=java.prefs/java.util.prefs=ALL-UNNAMED --add-opens=java.base/java.nio.charset=ALL-UNNAMED --add-opens=java.base/java.net=ALL-UNNAMED --add-opens=java.base/java.util.concurrent.atomic=ALL-UNNAMED --add-opens=java.xml/javax.xml.namespace=ALL-UNNAMED -Xmx2G -Dfile.encoding=UTF-8 -Duser.country=CA -Duser.language=en -Duser.variant -javaagent:C:\Users\cpg07\.gradle\wrapper\dists\gradle-8.12.1-bin\eumc4uhoysa37zql93vfjkxy0\gradle-8.12.1\lib\agents\gradle-instrumentation-agent-8.12.1.jar org.gradle.launcher.daemon.bootstrap.GradleDaemon 8.12.1

Host: 12th Gen Intel(R) Core(TM) i5-12600K, 16 cores, 31G,  Windows 11 , 64 bit Build 26100 (10.0.26100.4484)
Time: Wed Aug  6 01:25:10 2025 Eastern Summer Time elapsed time: 184.025494 seconds (0d 0h 3m 4s)

---------------  T H R E A D  ---------------

Current thread (0x000001ca287335d0):  JavaThread "C2 CompilerThread0" daemon [_thread_in_native, id=7852, stack(0x0000007d9fe00000,0x0000007d9ff00000) (1024K)]


Current CompileTask:
C2: 184025 38710       4       sun.security.ec.XECOperations::pointMultiply (383 bytes)

Stack: [0x0000007d9fe00000,0x0000007d9ff00000]
Native frames: (J=compiled Java code, j=interpreted, Vv=VM code, C=native code)
V  [jvm.dll+0x6cbcf9]
V  [jvm.dll+0x8a5551]
V  [jvm.dll+0x8a7a7e]
V  [jvm.dll+0x8a8153]
V  [jvm.dll+0x27eca6]
V  [jvm.dll+0xc4aad]
V  [jvm.dll+0xc4fe3]
V  [jvm.dll+0x2f1abf]
V  [jvm.dll+0x5f532a]
V  [jvm.dll+0x2501d2]
V  [jvm.dll+0x248d7f]
V  [jvm.dll+0x2465e4]
V  [jvm.dll+0x1c6f7e]
V  [jvm.dll+0x255e7a]
V  [jvm.dll+0x25441a]
V  [jvm.dll+0x3eeef6]
V  [jvm.dll+0x84f17b]
V  [jvm.dll+0x6ca3fd]
C  [ucrtbase.dll+0x37b0]
C  [KERNEL32.DLL+0x2e8d7]
C  [ntdll.dll+0x3c34c]


---------------  P R O C E S S  ---------------

Threads class SMR info:
_java_thread_list=0x000001ca7045e660, length=225, elements={
0x000001ca0ae91970, 0x000001ca28727430, 0x000001ca28727e90, 0x000001ca287288f0,
0x000001ca28729350, 0x000001ca2872bdc0, 0x000001ca2872c820, 0x000001ca287335d0,
0x000001ca28736940, 0x000001ca2887e420, 0x000001ca6e09b4e0, 0x000001ca6fa19030,
0x000001ca6f9fab30, 0x000001ca6f98bde0, 0x000001ca6facd3a0, 0x000001ca6facda10,
0x000001ca6fbacd20, 0x000001ca6fbadba0, 0x000001ca6fbc3200, 0x000001ca6fbc5c00,
0x000001ca6fbcac90, 0x000001ca6fbc9250, 0x000001ca6fbc8530, 0x000001ca6fbcb320,
0x000001ca6fbc98e0, 0x000001ca6fbc7ea0, 0x000001ca6fbc9f70, 0x000001ca6fbca600,
0x000001ca738e6de0, 0x000001ca738e4d10, 0x000001ca738e4680, 0x000001ca738e5a30,
0x000001ca738e60c0, 0x000001ca738e53a0, 0x000001ca738e7470, 0x000001ca738e6750,
0x000001ca738e7b00, 0x000001ca7038b290, 0x000001ca7038a570, 0x000001ca70389850,
0x000001ca7038ccd0, 0x000001ca70389ee0, 0x000001ca7038d360, 0x000001ca7038d9f0,
0x000001ca7038ac00, 0x000001ca7038b920, 0x000001ca7038e710, 0x000001ca7038c640,
0x000001ca7038f430, 0x000001ca7038bfb0, 0x000001ca7038fac0, 0x000001ca70390150,
0x000001ca703907e0, 0x000001ca70390e70, 0x000001ca7113f070, 0x000001ca71140ab0,
0x000001ca7113e9e0, 0x000001ca7113f700, 0x000001ca7113fd90, 0x000001ca71140420,
0x000001ca71141140, 0x000001ca7113e350, 0x000001ca71c68f20, 0x000001ca71c68890,
0x000001ca71c67b70, 0x000001ca71c68200, 0x000001ca71c674e0, 0x000001ca71c695b0,
0x000001ca71c66130, 0x000001ca71c667c0, 0x000001ca71c66e50, 0x000001ca746522d0,
0x000001ca74651c40, 0x000001ca74650890, 0x000001ca74652960, 0x000001ca7464f4e0,
0x000001ca74650f20, 0x000001ca746515b0, 0x000001ca74656b00, 0x000001ca74656470,
0x000001ca74655750, 0x000001ca74654a30, 0x000001ca74653d10, 0x000001ca74655de0,
0x000001ca746550c0, 0x000001ca73033510, 0x000001ca730327f0, 0x000001ca73032160,
0x000001ca73030090, 0x000001ca73032e80, 0x000001ca73031440, 0x000001ca73031ad0,
0x000001ca73033ba0, 0x000001ca73030720, 0x000001ca73036300, 0x000001ca730376b0,
0x000001ca730355e0, 0x000001ca730348c0, 0x000001ca73036990, 0x000001ca73034f50,
0x000001ca73035c70, 0x000001ca73037020, 0x000001ca74605570, 0x000001ca74606290,
0x000001ca746034a0, 0x000001ca74606920, 0x000001ca74605c00, 0x000001ca74606fb0,
0x000001ca746041c0, 0x000001ca74603b30, 0x000001ca74607640, 0x000001ca74607cd0,
0x000001ca74604850, 0x000001ca74608360, 0x000001ca74604ee0, 0x000001ca746089f0,
0x000001ca74609080, 0x000001ca7460a430, 0x000001ca74609710, 0x000001ca74609da0,
0x000001ca7460aac0, 0x000001ca7078de20, 0x000001ca70790c10, 0x000001ca7078f1d0,
0x000001ca70791930, 0x000001ca7078e4b0, 0x000001ca7078f860, 0x000001ca7078fef0,
0x000001ca70791fc0, 0x000001ca7078eb40, 0x000001ca707912a0, 0x000001ca70790580,
0x000001ca70793a00, 0x000001ca70794db0, 0x000001ca70793370, 0x000001ca70792650,
0x000001ca70792ce0, 0x000001ca70795440, 0x000001ca70794090, 0x000001ca70796b50,
0x000001ca70795e30, 0x000001ca707964c0, 0x000001ca707971e0, 0x000001ca71e38730,
0x000001ca71e38dc0, 0x000001ca71e39450, 0x000001ca71704420, 0x000001ca71704ab0,
0x000001ca717029e0, 0x000001ca71703d90, 0x000001ca71705140, 0x000001ca71703070,
0x000001ca71706b80, 0x000001ca717057d0, 0x000001ca76abaaf0, 0x000001ca717064f0,
0x000001ca70da1aa0, 0x000001ca76a9fcb0, 0x000001ca70a47c20, 0x000001ca70a44e30,
0x000001ca70a454c0, 0x000001ca72482a00, 0x000001ca76ab9740, 0x000001ca70ca9f40,
0x000001ca70caa5d0, 0x000001ca70cab2f0, 0x000001ca70cab980, 0x000001ca70cac010,
0x000001ca70caac60, 0x000001ca70ca8b90, 0x000001ca70ca9220, 0x000001ca70ca98b0,
0x000001ca70d99ab0, 0x000001ca70d9a7d0, 0x000001ca70d9b4f0, 0x000001ca70d98700,
0x000001ca70d9a140, 0x000001ca70d9bb80, 0x000001ca70d9ae60, 0x000001ca70d99420,
0x000001ca70d98d90, 0x000001ca75bda3e0, 0x000001ca75bdaa70, 0x000001ca75bdb100,
0x000001ca75bdb790, 0x000001ca6ea8f950, 0x000001ca6ea8f2c0, 0x000001ca6ea8ec30,
0x000001ca6ea8ffe0, 0x000001ca7d651400, 0x000001ca7d64f9c0, 0x000001ca7d650d70,
0x000001ca7c4ac0c0, 0x000001ca7c4adb00, 0x000001ca7bdaf140, 0x000001ca7d64df80,
0x000001ca73cc03c0, 0x000001ca73cc0a50, 0x000001ca73cbfd30, 0x000001ca73cbdc60,
0x000001ca73cbf010, 0x000001ca73cbd5d0, 0x000001ca73cbe2f0, 0x000001ca73cbf6a0,
0x000001ca7c481730, 0x000001ca7b3f4540, 0x000001ca7bdadd90, 0x000001ca76a9f620,
0x000001ca75943870, 0x000001ca75942b50, 0x000001ca75944590, 0x000001ca75943f00,
0x000001ca75945940, 0x000001ca75944c20, 0x000001ca759424c0, 0x000001ca759452b0,
0x000001ca759431e0, 0x000001ca76b07a70, 0x000001ca76b09b40, 0x000001ca76b08100,
0x000001ca76b08790, 0x000001ca76b08e20, 0x000001ca76b094b0, 0x000001ca7eb13170,
0x000001ca75a45690
}

Java Threads: ( => current thread )
  0x000001ca0ae91970 JavaThread "main"                              [_thread_blocked, id=30384, stack(0x0000007d9f000000,0x0000007d9f100000) (1024K)]
  0x000001ca28727430 JavaThread "Reference Handler"          daemon [_thread_blocked, id=18892, stack(0x0000007d9f800000,0x0000007d9f900000) (1024K)]
  0x000001ca28727e90 JavaThread "Finalizer"                  daemon [_thread_blocked, id=19372, stack(0x0000007d9f900000,0x0000007d9fa00000) (1024K)]
  0x000001ca287288f0 JavaThread "Signal Dispatcher"          daemon [_thread_blocked, id=32972, stack(0x0000007d9fa00000,0x0000007d9fb00000) (1024K)]
  0x000001ca28729350 JavaThread "Attach Listener"            daemon [_thread_blocked, id=31692, stack(0x0000007d9fb00000,0x0000007d9fc00000) (1024K)]
  0x000001ca2872bdc0 JavaThread "Service Thread"             daemon [_thread_blocked, id=44572, stack(0x0000007d9fc00000,0x0000007d9fd00000) (1024K)]
  0x000001ca2872c820 JavaThread "Monitor Deflation Thread"   daemon [_thread_blocked, id=42252, stack(0x0000007d9fd00000,0x0000007d9fe00000) (1024K)]
=>0x000001ca287335d0 JavaThread "C2 CompilerThread0"         daemon [_thread_in_native, id=7852, stack(0x0000007d9fe00000,0x0000007d9ff00000) (1024K)]
  0x000001ca28736940 JavaThread "C1 CompilerThread0"         daemon [_thread_blocked, id=15336, stack(0x0000007d9ff00000,0x0000007da0000000) (1024K)]
  0x000001ca2887e420 JavaThread "Common-Cleaner"             daemon [_thread_blocked, id=32568, stack(0x0000007da0000000,0x0000007da0100000) (1024K)]
  0x000001ca6e09b4e0 JavaThread "Notification Thread"        daemon [_thread_blocked, id=23276, stack(0x0000007da0200000,0x0000007da0300000) (1024K)]
  0x000001ca6fa19030 JavaThread "Daemon health stats"               [_thread_blocked, id=32464, stack(0x0000007da1200000,0x0000007da1300000) (1024K)]
  0x000001ca6f9fab30 JavaThread "Incoming local TCP Connector on port 65466"        [_thread_in_native, id=28836, stack(0x0000007da1300000,0x0000007da1400000) (1024K)]
  0x000001ca6f98bde0 JavaThread "Daemon periodic checks"            [_thread_blocked, id=40332, stack(0x0000007da1400000,0x0000007da1500000) (1024K)]
  0x000001ca6facd3a0 JavaThread "Daemon"                            [_thread_blocked, id=45696, stack(0x0000007da1500000,0x0000007da1600000) (1024K)]
  0x000001ca6facda10 JavaThread "Handler for socket connection from /127.0.0.1:65466 to /127.0.0.1:65467"        [_thread_in_native, id=31712, stack(0x0000007da1600000,0x0000007da1700000) (1024K)]
  0x000001ca6fbacd20 JavaThread "Cancel handler"                    [_thread_blocked, id=36692, stack(0x0000007da1700000,0x0000007da1800000) (1024K)]
  0x000001ca6fbadba0 JavaThread "Daemon worker"                     [_thread_blocked, id=45640, stack(0x0000007da1800000,0x0000007da1900000) (1024K)]
  0x000001ca6fbc3200 JavaThread "Asynchronous log dispatcher for DefaultDaemonConnection: socket connection from /127.0.0.1:65466 to /127.0.0.1:65467"        [_thread_blocked, id=39120, stack(0x0000007da1900000,0x0000007da1a00000) (1024K)]
  0x000001ca6fbc5c00 JavaThread "Stdin handler"                     [_thread_blocked, id=39032, stack(0x0000007da1a00000,0x0000007da1b00000) (1024K)]
  0x000001ca6fbcac90 JavaThread "Daemon client event forwarder"        [_thread_blocked, id=37900, stack(0x0000007da1b00000,0x0000007da1c00000) (1024K)]
  0x000001ca6fbc9250 JavaThread "Cache worker for journal cache (C:\Users\cpg07\.gradle\caches\journal-1)"        [_thread_blocked, id=44516, stack(0x0000007da1c00000,0x0000007da1d00000) (1024K)]
  0x000001ca6fbc8530 JavaThread "File lock request listener"        [_thread_in_native, id=33004, stack(0x0000007da1d00000,0x0000007da1e00000) (1024K)]
  0x000001ca6fbcb320 JavaThread "Cache worker for file hash cache (C:\Users\cpg07\.gradle\caches\8.12.1\fileHashes)"        [_thread_blocked, id=35888, stack(0x0000007da1e00000,0x0000007da1f00000) (1024K)]
  0x000001ca6fbc98e0 JavaThread "Cache worker for file hash cache (F:\git\Create-Train-Navigator\.gradle\8.12.1\fileHashes)"        [_thread_blocked, id=30348, stack(0x0000007da2300000,0x0000007da2400000) (1024K)]
  0x000001ca6fbc7ea0 JavaThread "Cache worker for Build Output Cleanup Cache (F:\git\Create-Train-Navigator\.gradle\buildOutputCleanup)"        [_thread_blocked, id=17028, stack(0x0000007da2400000,0x0000007da2500000) (1024K)]
  0x000001ca6fbc9f70 JavaThread "File watcher server"        daemon [_thread_in_native, id=21764, stack(0x0000007da2500000,0x0000007da2600000) (1024K)]
  0x000001ca6fbca600 JavaThread "File watcher consumer"      daemon [_thread_blocked, id=32344, stack(0x0000007da2600000,0x0000007da2700000) (1024K)]
  0x000001ca738e6de0 JavaThread "jar transforms"                    [_thread_blocked, id=10356, stack(0x0000007da2700000,0x0000007da2800000) (1024K)]
  0x000001ca738e4d10 JavaThread "jar transforms Thread 2"           [_thread_blocked, id=44452, stack(0x0000007da2800000,0x0000007da2900000) (1024K)]
  0x000001ca738e4680 JavaThread "jar transforms Thread 3"           [_thread_blocked, id=33780, stack(0x0000007da2900000,0x0000007da2a00000) (1024K)]
  0x000001ca738e5a30 JavaThread "jar transforms Thread 4"           [_thread_blocked, id=39256, stack(0x0000007da2a00000,0x0000007da2b00000) (1024K)]
  0x000001ca738e60c0 JavaThread "jar transforms Thread 5"           [_thread_blocked, id=8100, stack(0x0000007da2b00000,0x0000007da2c00000) (1024K)]
  0x000001ca738e53a0 JavaThread "jar transforms Thread 6"           [_thread_blocked, id=41460, stack(0x0000007da2c00000,0x0000007da2d00000) (1024K)]
  0x000001ca738e7470 JavaThread "jar transforms Thread 7"           [_thread_blocked, id=14460, stack(0x0000007da2d00000,0x0000007da2e00000) (1024K)]
  0x000001ca738e6750 JavaThread "jar transforms Thread 8"           [_thread_blocked, id=8636, stack(0x0000007da2e00000,0x0000007da2f00000) (1024K)]
  0x000001ca738e7b00 JavaThread "jar transforms Thread 9"           [_thread_blocked, id=43652, stack(0x0000007da2f00000,0x0000007da3000000) (1024K)]
  0x000001ca7038b290 JavaThread "jar transforms Thread 10"          [_thread_blocked, id=25472, stack(0x0000007da3000000,0x0000007da3100000) (1024K)]
  0x000001ca7038a570 JavaThread "jar transforms Thread 11"          [_thread_blocked, id=32064, stack(0x0000007da3100000,0x0000007da3200000) (1024K)]
  0x000001ca70389850 JavaThread "jar transforms Thread 12"          [_thread_blocked, id=27016, stack(0x0000007da3200000,0x0000007da3300000) (1024K)]
  0x000001ca7038ccd0 JavaThread "jar transforms Thread 13"          [_thread_blocked, id=12620, stack(0x0000007da3300000,0x0000007da3400000) (1024K)]
  0x000001ca70389ee0 JavaThread "jar transforms Thread 14"          [_thread_blocked, id=36612, stack(0x0000007da3400000,0x0000007da3500000) (1024K)]
  0x000001ca7038d360 JavaThread "jar transforms Thread 15"          [_thread_blocked, id=35820, stack(0x0000007da3500000,0x0000007da3600000) (1024K)]
  0x000001ca7038d9f0 JavaThread "jar transforms Thread 16"          [_thread_blocked, id=36400, stack(0x0000007da3600000,0x0000007da3700000) (1024K)]
  0x000001ca7038ac00 JavaThread "Cache worker for checksums cache (F:\git\Create-Train-Navigator\.gradle\8.12.1\checksums)"        [_thread_blocked, id=41660, stack(0x0000007da3800000,0x0000007da3900000) (1024K)]
  0x000001ca7038b920 JavaThread "Cache worker for file content cache (C:\Users\cpg07\.gradle\caches\8.12.1\fileContent)"        [_thread_blocked, id=45376, stack(0x0000007da3900000,0x0000007da3a00000) (1024K)]
  0x000001ca7038e710 JavaThread "Cache worker for cache directory md-rule (C:\Users\cpg07\.gradle\caches\8.12.1\md-rule)"        [_thread_blocked, id=11548, stack(0x0000007da3a00000,0x0000007da3b00000) (1024K)]
  0x000001ca7038c640 JavaThread "Cache worker for cache directory md-supplier (C:\Users\cpg07\.gradle\caches\8.12.1\md-supplier)"        [_thread_blocked, id=34520, stack(0x0000007da3b00000,0x0000007da3c00000) (1024K)]
  0x000001ca7038f430 JavaThread "Unconstrained build operations"        [_thread_blocked, id=39720, stack(0x0000007da3c00000,0x0000007da3d00000) (1024K)]
  0x000001ca7038bfb0 JavaThread "Unconstrained build operations Thread 2"        [_thread_blocked, id=7156, stack(0x0000007da3d00000,0x0000007da3e00000) (1024K)]
  0x000001ca7038fac0 JavaThread "Unconstrained build operations Thread 3"        [_thread_blocked, id=10688, stack(0x0000007da3e00000,0x0000007da3f00000) (1024K)]
  0x000001ca70390150 JavaThread "Unconstrained build operations Thread 4"        [_thread_blocked, id=19880, stack(0x0000007da3f00000,0x0000007da4000000) (1024K)]
  0x000001ca703907e0 JavaThread "Unconstrained build operations Thread 5"        [_thread_blocked, id=44504, stack(0x0000007da4000000,0x0000007da4100000) (1024K)]
  0x000001ca70390e70 JavaThread "Unconstrained build operations Thread 6"        [_thread_blocked, id=13828, stack(0x0000007da4100000,0x0000007da4200000) (1024K)]
  0x000001ca7113f070 JavaThread "Unconstrained build operations Thread 7"        [_thread_blocked, id=41888, stack(0x0000007da4200000,0x0000007da4300000) (1024K)]
  0x000001ca71140ab0 JavaThread "Unconstrained build operations Thread 8"        [_thread_blocked, id=44620, stack(0x0000007da4300000,0x0000007da4400000) (1024K)]
  0x000001ca7113e9e0 JavaThread "Unconstrained build operations Thread 9"        [_thread_blocked, id=41384, stack(0x0000007da4700000,0x0000007da4800000) (1024K)]
  0x000001ca7113f700 JavaThread "Unconstrained build operations Thread 10"        [_thread_blocked, id=40156, stack(0x0000007da4800000,0x0000007da4900000) (1024K)]
  0x000001ca7113fd90 JavaThread "Unconstrained build operations Thread 11"        [_thread_blocked, id=4908, stack(0x0000007da4900000,0x0000007da4a00000) (1024K)]
  0x000001ca71140420 JavaThread "Unconstrained build operations Thread 12"        [_thread_blocked, id=44536, stack(0x0000007da4a00000,0x0000007da4b00000) (1024K)]
  0x000001ca71141140 JavaThread "Unconstrained build operations Thread 13"        [_thread_blocked, id=38144, stack(0x0000007da4b00000,0x0000007da4c00000) (1024K)]
  0x000001ca7113e350 JavaThread "Unconstrained build operations Thread 14"        [_thread_blocked, id=33060, stack(0x0000007da4c00000,0x0000007da4d00000) (1024K)]
  0x000001ca71c68f20 JavaThread "Unconstrained build operations Thread 15"        [_thread_blocked, id=20644, stack(0x0000007da4d00000,0x0000007da4e00000) (1024K)]
  0x000001ca71c68890 JavaThread "Unconstrained build operations Thread 16"        [_thread_blocked, id=39732, stack(0x0000007da4e00000,0x0000007da4f00000) (1024K)]
  0x000001ca71c67b70 JavaThread "Unconstrained build operations Thread 17"        [_thread_blocked, id=3528, stack(0x0000007da4f00000,0x0000007da5000000) (1024K)]
  0x000001ca71c68200 JavaThread "Unconstrained build operations Thread 18"        [_thread_blocked, id=2596, stack(0x0000007da5000000,0x0000007da5100000) (1024K)]
  0x000001ca71c674e0 JavaThread "Unconstrained build operations Thread 19"        [_thread_blocked, id=35120, stack(0x0000007da5100000,0x0000007da5200000) (1024K)]
  0x000001ca71c695b0 JavaThread "Unconstrained build operations Thread 20"        [_thread_blocked, id=4760, stack(0x0000007da5200000,0x0000007da5300000) (1024K)]
  0x000001ca71c66130 JavaThread "Unconstrained build operations Thread 21"        [_thread_blocked, id=11472, stack(0x0000007da5300000,0x0000007da5400000) (1024K)]
  0x000001ca71c667c0 JavaThread "Unconstrained build operations Thread 22"        [_thread_blocked, id=33288, stack(0x0000007da5400000,0x0000007da5500000) (1024K)]
  0x000001ca71c66e50 JavaThread "Unconstrained build operations Thread 23"        [_thread_blocked, id=42324, stack(0x0000007da5500000,0x0000007da5600000) (1024K)]
  0x000001ca746522d0 JavaThread "Unconstrained build operations Thread 24"        [_thread_blocked, id=43644, stack(0x0000007da5600000,0x0000007da5700000) (1024K)]
  0x000001ca74651c40 JavaThread "Unconstrained build operations Thread 25"        [_thread_blocked, id=9364, stack(0x0000007da5700000,0x0000007da5800000) (1024K)]
  0x000001ca74650890 JavaThread "Unconstrained build operations Thread 26"        [_thread_blocked, id=38276, stack(0x0000007da5800000,0x0000007da5900000) (1024K)]
  0x000001ca74652960 JavaThread "Unconstrained build operations Thread 27"        [_thread_blocked, id=24436, stack(0x0000007da5900000,0x0000007da5a00000) (1024K)]
  0x000001ca7464f4e0 JavaThread "Unconstrained build operations Thread 28"        [_thread_blocked, id=13488, stack(0x0000007da5a00000,0x0000007da5b00000) (1024K)]
  0x000001ca74650f20 JavaThread "Problems report writer"            [_thread_blocked, id=39064, stack(0x0000007da0400000,0x0000007da0500000) (1024K)]
  0x000001ca746515b0 JavaThread "Unconstrained build operations Thread 29"        [_thread_blocked, id=43932, stack(0x0000007da0300000,0x0000007da0400000) (1024K)]
  0x000001ca74656b00 JavaThread "Unconstrained build operations Thread 30"        [_thread_blocked, id=31756, stack(0x0000007da2200000,0x0000007da2300000) (1024K)]
  0x000001ca74656470 JavaThread "Unconstrained build operations Thread 31"        [_thread_blocked, id=18936, stack(0x0000007da3700000,0x0000007da3800000) (1024K)]
  0x000001ca74655750 JavaThread "Unconstrained build operations Thread 32"        [_thread_blocked, id=44344, stack(0x0000007da4500000,0x0000007da4600000) (1024K)]
  0x000001ca74654a30 JavaThread "Unconstrained build operations Thread 33"        [_thread_blocked, id=45496, stack(0x0000007da4600000,0x0000007da4700000) (1024K)]
  0x000001ca74653d10 JavaThread "Unconstrained build operations Thread 34"        [_thread_blocked, id=21980, stack(0x0000007da5b00000,0x0000007da5c00000) (1024K)]
  0x000001ca74655de0 JavaThread "Unconstrained build operations Thread 35"        [_thread_blocked, id=45676, stack(0x0000007da5c00000,0x0000007da5d00000) (1024K)]
  0x000001ca746550c0 JavaThread "Unconstrained build operations Thread 36"        [_thread_blocked, id=21072, stack(0x0000007da5d00000,0x0000007da5e00000) (1024K)]
  0x000001ca73033510 JavaThread "Unconstrained build operations Thread 37"        [_thread_blocked, id=39368, stack(0x0000007da5e00000,0x0000007da5f00000) (1024K)]
  0x000001ca730327f0 JavaThread "Unconstrained build operations Thread 38"        [_thread_blocked, id=33632, stack(0x0000007da5f00000,0x0000007da6000000) (1024K)]
  0x000001ca73032160 JavaThread "Unconstrained build operations Thread 39"        [_thread_blocked, id=34896, stack(0x0000007da6000000,0x0000007da6100000) (1024K)]
  0x000001ca73030090 JavaThread "Unconstrained build operations Thread 40"        [_thread_blocked, id=1348, stack(0x0000007da6100000,0x0000007da6200000) (1024K)]
  0x000001ca73032e80 JavaThread "Unconstrained build operations Thread 41"        [_thread_blocked, id=40948, stack(0x0000007da6200000,0x0000007da6300000) (1024K)]
  0x000001ca73031440 JavaThread "Unconstrained build operations Thread 42"        [_thread_blocked, id=23528, stack(0x0000007da6300000,0x0000007da6400000) (1024K)]
  0x000001ca73031ad0 JavaThread "Unconstrained build operations Thread 43"        [_thread_blocked, id=8348, stack(0x0000007da6400000,0x0000007da6500000) (1024K)]
  0x000001ca73033ba0 JavaThread "Unconstrained build operations Thread 44"        [_thread_blocked, id=2748, stack(0x0000007da6500000,0x0000007da6600000) (1024K)]
  0x000001ca73030720 JavaThread "Unconstrained build operations Thread 45"        [_thread_blocked, id=37456, stack(0x0000007da6600000,0x0000007da6700000) (1024K)]
  0x000001ca73036300 JavaThread "Unconstrained build operations Thread 46"        [_thread_blocked, id=43500, stack(0x0000007da6900000,0x0000007da6a00000) (1024K)]
  0x000001ca730376b0 JavaThread "Unconstrained build operations Thread 47"        [_thread_blocked, id=38408, stack(0x0000007da6a00000,0x0000007da6b00000) (1024K)]
  0x000001ca730355e0 JavaThread "Unconstrained build operations Thread 48"        [_thread_blocked, id=44080, stack(0x0000007da6b00000,0x0000007da6c00000) (1024K)]
  0x000001ca730348c0 JavaThread "Unconstrained build operations Thread 49"        [_thread_blocked, id=42440, stack(0x0000007da6c00000,0x0000007da6d00000) (1024K)]
  0x000001ca73036990 JavaThread "Unconstrained build operations Thread 50"        [_thread_blocked, id=5108, stack(0x0000007da6700000,0x0000007da6800000) (1024K)]
  0x000001ca73034f50 JavaThread "Unconstrained build operations Thread 51"        [_thread_blocked, id=37180, stack(0x0000007da6800000,0x0000007da6900000) (1024K)]
  0x000001ca73035c70 JavaThread "Unconstrained build operations Thread 52"        [_thread_blocked, id=38128, stack(0x0000007da6d00000,0x0000007da6e00000) (1024K)]
  0x000001ca73037020 JavaThread "Unconstrained build operations Thread 53"        [_thread_blocked, id=9388, stack(0x0000007da6e00000,0x0000007da6f00000) (1024K)]
  0x000001ca74605570 JavaThread "Unconstrained build operations Thread 54"        [_thread_blocked, id=6464, stack(0x0000007da7000000,0x0000007da7100000) (1024K)]
  0x000001ca74606290 JavaThread "Unconstrained build operations Thread 55"        [_thread_blocked, id=11536, stack(0x0000007da7100000,0x0000007da7200000) (1024K)]
  0x000001ca746034a0 JavaThread "Unconstrained build operations Thread 56"        [_thread_blocked, id=18428, stack(0x0000007da7200000,0x0000007da7300000) (1024K)]
  0x000001ca74606920 JavaThread "Unconstrained build operations Thread 57"        [_thread_blocked, id=25044, stack(0x0000007da6f00000,0x0000007da7000000) (1024K)]
  0x000001ca74605c00 JavaThread "Unconstrained build operations Thread 58"        [_thread_blocked, id=40640, stack(0x0000007da7300000,0x0000007da7400000) (1024K)]
  0x000001ca74606fb0 JavaThread "Unconstrained build operations Thread 59"        [_thread_blocked, id=17748, stack(0x0000007da7500000,0x0000007da7600000) (1024K)]
  0x000001ca746041c0 JavaThread "Unconstrained build operations Thread 60"        [_thread_blocked, id=41864, stack(0x0000007da7600000,0x0000007da7700000) (1024K)]
  0x000001ca74603b30 JavaThread "Unconstrained build operations Thread 61"        [_thread_blocked, id=40256, stack(0x0000007da7400000,0x0000007da7500000) (1024K)]
  0x000001ca74607640 JavaThread "Unconstrained build operations Thread 62"        [_thread_blocked, id=42848, stack(0x0000007da7700000,0x0000007da7800000) (1024K)]
  0x000001ca74607cd0 JavaThread "Unconstrained build operations Thread 63"        [_thread_blocked, id=12736, stack(0x0000007da7800000,0x0000007da7900000) (1024K)]
  0x000001ca74604850 JavaThread "Unconstrained build operations Thread 64"        [_thread_blocked, id=30664, stack(0x0000007da7900000,0x0000007da7a00000) (1024K)]
  0x000001ca74608360 JavaThread "Unconstrained build operations Thread 65"        [_thread_blocked, id=13816, stack(0x0000007da7a00000,0x0000007da7b00000) (1024K)]
  0x000001ca74604ee0 JavaThread "Unconstrained build operations Thread 66"        [_thread_blocked, id=39224, stack(0x0000007da7b00000,0x0000007da7c00000) (1024K)]
  0x000001ca746089f0 JavaThread "Unconstrained build operations Thread 67"        [_thread_blocked, id=38908, stack(0x0000007da7c00000,0x0000007da7d00000) (1024K)]
  0x000001ca74609080 JavaThread "Unconstrained build operations Thread 68"        [_thread_blocked, id=21472, stack(0x0000007da7d00000,0x0000007da7e00000) (1024K)]
  0x000001ca7460a430 JavaThread "Unconstrained build operations Thread 69"        [_thread_blocked, id=35976, stack(0x0000007da7e00000,0x0000007da7f00000) (1024K)]
  0x000001ca74609710 JavaThread "Unconstrained build operations Thread 70"        [_thread_blocked, id=14724, stack(0x0000007da7f00000,0x0000007da8000000) (1024K)]
  0x000001ca74609da0 JavaThread "Unconstrained build operations Thread 71"        [_thread_blocked, id=42508, stack(0x0000007da8000000,0x0000007da8100000) (1024K)]
  0x000001ca7460aac0 JavaThread "Unconstrained build operations Thread 72"        [_thread_blocked, id=34172, stack(0x0000007da8100000,0x0000007da8200000) (1024K)]
  0x000001ca7078de20 JavaThread "Unconstrained build operations Thread 73"        [_thread_blocked, id=45852, stack(0x0000007da8200000,0x0000007da8300000) (1024K)]
  0x000001ca70790c10 JavaThread "Unconstrained build operations Thread 74"        [_thread_blocked, id=25540, stack(0x0000007da8300000,0x0000007da8400000) (1024K)]
  0x000001ca7078f1d0 JavaThread "Unconstrained build operations Thread 75"        [_thread_blocked, id=43732, stack(0x0000007da8400000,0x0000007da8500000) (1024K)]
  0x000001ca70791930 JavaThread "Unconstrained build operations Thread 76"        [_thread_blocked, id=29532, stack(0x0000007da8500000,0x0000007da8600000) (1024K)]
  0x000001ca7078e4b0 JavaThread "Unconstrained build operations Thread 77"        [_thread_blocked, id=44172, stack(0x0000007da8600000,0x0000007da8700000) (1024K)]
  0x000001ca7078f860 JavaThread "Unconstrained build operations Thread 78"        [_thread_blocked, id=41240, stack(0x0000007da8700000,0x0000007da8800000) (1024K)]
  0x000001ca7078fef0 JavaThread "Unconstrained build operations Thread 79"        [_thread_blocked, id=8596, stack(0x0000007da8800000,0x0000007da8900000) (1024K)]
  0x000001ca70791fc0 JavaThread "Unconstrained build operations Thread 80"        [_thread_blocked, id=39940, stack(0x0000007da8900000,0x0000007da8a00000) (1024K)]
  0x000001ca7078eb40 JavaThread "Unconstrained build operations Thread 81"        [_thread_blocked, id=41808, stack(0x0000007da8a00000,0x0000007da8b00000) (1024K)]
  0x000001ca707912a0 JavaThread "Unconstrained build operations Thread 82"        [_thread_blocked, id=42604, stack(0x0000007da8b00000,0x0000007da8c00000) (1024K)]
  0x000001ca70790580 JavaThread "Unconstrained build operations Thread 83"        [_thread_blocked, id=42312, stack(0x0000007da8e00000,0x0000007da8f00000) (1024K)]
  0x000001ca70793a00 JavaThread "Unconstrained build operations Thread 84"        [_thread_blocked, id=34064, stack(0x0000007da9000000,0x0000007da9100000) (1024K)]
  0x000001ca70794db0 JavaThread "Unconstrained build operations Thread 85"        [_thread_blocked, id=8376, stack(0x0000007da9100000,0x0000007da9200000) (1024K)]
  0x000001ca70793370 JavaThread "Unconstrained build operations Thread 86"        [_thread_blocked, id=17072, stack(0x0000007da9200000,0x0000007da9300000) (1024K)]
  0x000001ca70792650 JavaThread "Unconstrained build operations Thread 87"        [_thread_blocked, id=1368, stack(0x0000007da9500000,0x0000007da9600000) (1024K)]
  0x000001ca70792ce0 JavaThread "Unconstrained build operations Thread 88"        [_thread_blocked, id=33612, stack(0x0000007da9600000,0x0000007da9700000) (1024K)]
  0x000001ca70795440 JavaThread "Unconstrained build operations Thread 89"        [_thread_blocked, id=36784, stack(0x0000007da9700000,0x0000007da9800000) (1024K)]
  0x000001ca70794090 JavaThread "Unconstrained build operations Thread 90"        [_thread_blocked, id=36824, stack(0x0000007da9800000,0x0000007da9900000) (1024K)]
  0x000001ca70796b50 JavaThread "Unconstrained build operations Thread 91"        [_thread_blocked, id=41048, stack(0x0000007da9a00000,0x0000007da9b00000) (1024K)]
  0x000001ca70795e30 JavaThread "Unconstrained build operations Thread 92"        [_thread_blocked, id=16012, stack(0x0000007da9b00000,0x0000007da9c00000) (1024K)]
  0x000001ca707964c0 JavaThread "Unconstrained build operations Thread 93"        [_thread_blocked, id=11752, stack(0x0000007da9c00000,0x0000007da9d00000) (1024K)]
  0x000001ca707971e0 JavaThread "Unconstrained build operations Thread 94"        [_thread_blocked, id=36296, stack(0x0000007da9d00000,0x0000007da9e00000) (1024K)]
  0x000001ca71e38730 JavaThread "Unconstrained build operations Thread 95"        [_thread_blocked, id=17256, stack(0x0000007da9e00000,0x0000007da9f00000) (1024K)]
  0x000001ca71e38dc0 JavaThread "Unconstrained build operations Thread 96"        [_thread_blocked, id=42116, stack(0x0000007da9f00000,0x0000007daa000000) (1024K)]
  0x000001ca71e39450 JavaThread "Unconstrained build operations Thread 97"        [_thread_blocked, id=28184, stack(0x0000007daa000000,0x0000007daa100000) (1024K)]
  0x000001ca71704420 JavaThread "Unconstrained build operations Thread 98"        [_thread_blocked, id=18088, stack(0x0000007daa100000,0x0000007daa200000) (1024K)]
  0x000001ca71704ab0 JavaThread "Unconstrained build operations Thread 99"        [_thread_blocked, id=8296, stack(0x0000007daa200000,0x0000007daa300000) (1024K)]
  0x000001ca717029e0 JavaThread "Unconstrained build operations Thread 100"        [_thread_blocked, id=15820, stack(0x0000007daa300000,0x0000007daa400000) (1024K)]
  0x000001ca71703d90 JavaThread "Unconstrained build operations Thread 101"        [_thread_blocked, id=19560, stack(0x0000007daa400000,0x0000007daa500000) (1024K)]
  0x000001ca71705140 JavaThread "Unconstrained build operations Thread 102"        [_thread_blocked, id=35912, stack(0x0000007daa500000,0x0000007daa600000) (1024K)]
  0x000001ca71703070 JavaThread "Unconstrained build operations Thread 103"        [_thread_blocked, id=4656, stack(0x0000007daa600000,0x0000007daa700000) (1024K)]
  0x000001ca71706b80 JavaThread "Unconstrained build operations Thread 104"        [_thread_blocked, id=20836, stack(0x0000007daa700000,0x0000007daa800000) (1024K)]
  0x000001ca717057d0 JavaThread "Unconstrained build operations Thread 105"        [_thread_blocked, id=37576, stack(0x0000007daa800000,0x0000007daa900000) (1024K)]
  0x000001ca76abaaf0 JavaThread "Memory manager"                    [_thread_blocked, id=38840, stack(0x0000007da8c00000,0x0000007da8d00000) (1024K)]
  0x000001ca717064f0 JavaThread "HttpClient-1-SelectorManager" daemon [_thread_in_native, id=15884, stack(0x0000007da9400000,0x0000007da9500000) (1024K)]
  0x000001ca70da1aa0 JavaThread "Unconstrained build operations Thread 106"        [_thread_blocked, id=34176, stack(0x0000007da9300000,0x0000007da9400000) (1024K)]
  0x000001ca76a9fcb0 JavaThread "Unconstrained build operations Thread 107"        [_thread_blocked, id=3192, stack(0x0000007daaf00000,0x0000007dab000000) (1024K)]
  0x000001ca70a47c20 JavaThread "Unconstrained build operations Thread 108"        [_thread_blocked, id=30952, stack(0x0000007da1000000,0x0000007da1100000) (1024K)]
  0x000001ca70a44e30 JavaThread "Unconstrained build operations Thread 109"        [_thread_blocked, id=3724, stack(0x0000007da8d00000,0x0000007da8e00000) (1024K)]
  0x000001ca70a454c0 JavaThread "Unconstrained build operations Thread 110"        [_thread_blocked, id=17316, stack(0x0000007daaa00000,0x0000007daab00000) (1024K)]
  0x000001ca72482a00 JavaThread "Unconstrained build operations Thread 111"        [_thread_blocked, id=40132, stack(0x0000007daae00000,0x0000007daaf00000) (1024K)]
  0x000001ca76ab9740 JavaThread "Unconstrained build operations Thread 112"        [_thread_blocked, id=23884, stack(0x0000007daac00000,0x0000007daad00000) (1024K)]
  0x000001ca70ca9f40 JavaThread "Unconstrained build operations Thread 113"        [_thread_blocked, id=39608, stack(0x0000007da0100000,0x0000007da0200000) (1024K)]
  0x000001ca70caa5d0 JavaThread "Unconstrained build operations Thread 114"        [_thread_blocked, id=38576, stack(0x0000007dab400000,0x0000007dab500000) (1024K)]
  0x000001ca70cab2f0 JavaThread "Unconstrained build operations Thread 115"        [_thread_blocked, id=22288, stack(0x0000007dab500000,0x0000007dab600000) (1024K)]
  0x000001ca70cab980 JavaThread "Unconstrained build operations Thread 116"        [_thread_blocked, id=44888, stack(0x0000007dab600000,0x0000007dab700000) (1024K)]
  0x000001ca70cac010 JavaThread "Unconstrained build operations Thread 117"        [_thread_blocked, id=22284, stack(0x0000007dab700000,0x0000007dab800000) (1024K)]
  0x000001ca70caac60 JavaThread "Unconstrained build operations Thread 118"        [_thread_blocked, id=34256, stack(0x0000007dab800000,0x0000007dab900000) (1024K)]
  0x000001ca70ca8b90 JavaThread "Unconstrained build operations Thread 119"        [_thread_blocked, id=42580, stack(0x0000007dab900000,0x0000007daba00000) (1024K)]
  0x000001ca70ca9220 JavaThread "Unconstrained build operations Thread 120"        [_thread_blocked, id=40388, stack(0x0000007daba00000,0x0000007dabb00000) (1024K)]
  0x000001ca70ca98b0 JavaThread "Unconstrained build operations Thread 121"        [_thread_blocked, id=44276, stack(0x0000007dabb00000,0x0000007dabc00000) (1024K)]
  0x000001ca70d99ab0 JavaThread "Unconstrained build operations Thread 122"        [_thread_blocked, id=14556, stack(0x0000007dabc00000,0x0000007dabd00000) (1024K)]
  0x000001ca70d9a7d0 JavaThread "Unconstrained build operations Thread 123"        [_thread_blocked, id=41832, stack(0x0000007dabd00000,0x0000007dabe00000) (1024K)]
  0x000001ca70d9b4f0 JavaThread "Unconstrained build operations Thread 124"        [_thread_blocked, id=33796, stack(0x0000007dabe00000,0x0000007dabf00000) (1024K)]
  0x000001ca70d98700 JavaThread "Unconstrained build operations Thread 125"        [_thread_blocked, id=12528, stack(0x0000007dabf00000,0x0000007dac000000) (1024K)]
  0x000001ca70d9a140 JavaThread "Unconstrained build operations Thread 126"        [_thread_blocked, id=42992, stack(0x0000007dac000000,0x0000007dac100000) (1024K)]
  0x000001ca70d9bb80 JavaThread "Unconstrained build operations Thread 127"        [_thread_blocked, id=12744, stack(0x0000007dac100000,0x0000007dac200000) (1024K)]
  0x000001ca70d9ae60 JavaThread "Unconstrained build operations Thread 128"        [_thread_blocked, id=30900, stack(0x0000007dac200000,0x0000007dac300000) (1024K)]
  0x000001ca70d99420 JavaThread "Unconstrained build operations Thread 129"        [_thread_blocked, id=32996, stack(0x0000007dac400000,0x0000007dac500000) (1024K)]
  0x000001ca70d98d90 JavaThread "Unconstrained build operations Thread 130"        [_thread_blocked, id=37904, stack(0x0000007daab00000,0x0000007daac00000) (1024K)]
  0x000001ca75bda3e0 JavaThread "Unconstrained build operations Thread 131"        [_thread_blocked, id=6072, stack(0x0000007dab200000,0x0000007dab300000) (1024K)]
  0x000001ca75bdaa70 JavaThread "Unconstrained build operations Thread 132"        [_thread_blocked, id=38256, stack(0x0000007dab300000,0x0000007dab400000) (1024K)]
  0x000001ca75bdb100 JavaThread "Unconstrained build operations Thread 133"        [_thread_blocked, id=33192, stack(0x0000007dac300000,0x0000007dac400000) (1024K)]
  0x000001ca75bdb790 JavaThread "Unconstrained build operations Thread 134"        [_thread_blocked, id=10744, stack(0x0000007dac500000,0x0000007dac600000) (1024K)]
  0x000001ca6ea8f950 JavaThread "Unconstrained build operations Thread 135"        [_thread_blocked, id=29384, stack(0x0000007dac600000,0x0000007dac700000) (1024K)]
  0x000001ca6ea8f2c0 JavaThread "Unconstrained build operations Thread 136"        [_thread_blocked, id=37524, stack(0x0000007dac700000,0x0000007dac800000) (1024K)]
  0x000001ca6ea8ec30 JavaThread "Unconstrained build operations Thread 137"        [_thread_blocked, id=43192, stack(0x0000007dac800000,0x0000007dac900000) (1024K)]
  0x000001ca6ea8ffe0 JavaThread "Unconstrained build operations Thread 138"        [_thread_blocked, id=42320, stack(0x0000007dac900000,0x0000007daca00000) (1024K)]
  0x000001ca7d651400 JavaThread "Unconstrained build operations Thread 139"        [_thread_blocked, id=14456, stack(0x0000007daca00000,0x0000007dacb00000) (1024K)]
  0x000001ca7d64f9c0 JavaThread "Unconstrained build operations Thread 140"        [_thread_blocked, id=46020, stack(0x0000007dacb00000,0x0000007dacc00000) (1024K)]
  0x000001ca7d650d70 JavaThread "Unconstrained build operations Thread 141"        [_thread_blocked, id=26600, stack(0x0000007dacf00000,0x0000007dad000000) (1024K)]
  0x000001ca7c4ac0c0 JavaThread "Unconstrained build operations Thread 142"        [_thread_blocked, id=14300, stack(0x0000007dad000000,0x0000007dad100000) (1024K)]
  0x000001ca7c4adb00 JavaThread "Unconstrained build operations Thread 143"        [_thread_blocked, id=30824, stack(0x0000007dad100000,0x0000007dad200000) (1024K)]
  0x000001ca7bdaf140 JavaThread "Unconstrained build operations Thread 144"        [_thread_blocked, id=45808, stack(0x0000007dad400000,0x0000007dad500000) (1024K)]
  0x000001ca7d64df80 JavaThread "Unconstrained build operations Thread 145"        [_thread_blocked, id=43608, stack(0x0000007da1100000,0x0000007da1200000) (1024K)]
  0x000001ca73cc03c0 JavaThread "Unconstrained build operations Thread 146"        [_thread_blocked, id=42756, stack(0x0000007dacd00000,0x0000007dace00000) (1024K)]
  0x000001ca73cc0a50 JavaThread "Unconstrained build operations Thread 147"        [_thread_blocked, id=23400, stack(0x0000007dace00000,0x0000007dacf00000) (1024K)]
  0x000001ca73cbfd30 JavaThread "Unconstrained build operations Thread 148"        [_thread_blocked, id=30180, stack(0x0000007dad200000,0x0000007dad300000) (1024K)]
  0x000001ca73cbdc60 JavaThread "Unconstrained build operations Thread 149"        [_thread_blocked, id=37328, stack(0x0000007dad300000,0x0000007dad400000) (1024K)]
  0x000001ca73cbf010 JavaThread "Unconstrained build operations Thread 150"        [_thread_blocked, id=45980, stack(0x0000007dad500000,0x0000007dad600000) (1024K)]
  0x000001ca73cbd5d0 JavaThread "Unconstrained build operations Thread 151"        [_thread_blocked, id=5008, stack(0x0000007dad600000,0x0000007dad700000) (1024K)]
  0x000001ca73cbe2f0 JavaThread "Unconstrained build operations Thread 152"        [_thread_blocked, id=18948, stack(0x0000007dad700000,0x0000007dad800000) (1024K)]
  0x000001ca73cbf6a0 JavaThread "Unconstrained build operations Thread 153"        [_thread_blocked, id=5052, stack(0x0000007dad800000,0x0000007dad900000) (1024K)]
  0x000001ca7c481730 JavaThread "Unconstrained build operations Thread 154"        [_thread_blocked, id=43436, stack(0x0000007dad900000,0x0000007dada00000) (1024K)]
  0x000001ca7b3f4540 JavaThread "Unconstrained build operations Thread 155"        [_thread_blocked, id=45800, stack(0x0000007dada00000,0x0000007dadb00000) (1024K)]
  0x000001ca7bdadd90 JavaThread "Unconstrained build operations Thread 156"        [_thread_blocked, id=37300, stack(0x0000007da8f00000,0x0000007da9000000) (1024K)]
  0x000001ca76a9f620 JavaThread "included builds"                   [_thread_blocked, id=37580, stack(0x0000007daa900000,0x0000007daaa00000) (1024K)]
  0x000001ca75943870 JavaThread "Execution worker"                  [_thread_blocked, id=43808, stack(0x0000007daad00000,0x0000007daae00000) (1024K)]
  0x000001ca75942b50 JavaThread "Execution worker Thread 2"         [_thread_blocked, id=4644, stack(0x0000007dab000000,0x0000007dab100000) (1024K)]
  0x000001ca75944590 JavaThread "Execution worker Thread 3"         [_thread_blocked, id=15816, stack(0x0000007dab100000,0x0000007dab200000) (1024K)]
  0x000001ca75943f00 JavaThread "Execution worker Thread 4"         [_thread_blocked, id=43212, stack(0x0000007dacc00000,0x0000007dacd00000) (1024K)]
  0x000001ca75945940 JavaThread "Execution worker Thread 5"         [_thread_blocked, id=46068, stack(0x0000007dadc00000,0x0000007dadd00000) (1024K)]
  0x000001ca75944c20 JavaThread "Execution worker Thread 6"         [_thread_blocked, id=35676, stack(0x0000007dadd00000,0x0000007dade00000) (1024K)]
  0x000001ca759424c0 JavaThread "Execution worker Thread 7"         [_thread_blocked, id=41548, stack(0x0000007dade00000,0x0000007dadf00000) (1024K)]
  0x000001ca759452b0 JavaThread "Execution worker Thread 8"         [_thread_blocked, id=8332, stack(0x0000007dadf00000,0x0000007dae000000) (1024K)]
  0x000001ca759431e0 JavaThread "Execution worker Thread 9"         [_thread_blocked, id=34692, stack(0x0000007dae000000,0x0000007dae100000) (1024K)]
  0x000001ca76b07a70 JavaThread "Execution worker Thread 10"        [_thread_blocked, id=27792, stack(0x0000007dae100000,0x0000007dae200000) (1024K)]
  0x000001ca76b09b40 JavaThread "Execution worker Thread 11"        [_thread_blocked, id=37296, stack(0x0000007dae200000,0x0000007dae300000) (1024K)]
  0x000001ca76b08100 JavaThread "Execution worker Thread 12"        [_thread_blocked, id=30028, stack(0x0000007dae300000,0x0000007dae400000) (1024K)]
  0x000001ca76b08790 JavaThread "Execution worker Thread 13"        [_thread_blocked, id=22960, stack(0x0000007dae400000,0x0000007dae500000) (1024K)]
  0x000001ca76b08e20 JavaThread "Execution worker Thread 14"        [_thread_blocked, id=5180, stack(0x0000007dae500000,0x0000007dae600000) (1024K)]
  0x000001ca76b094b0 JavaThread "Execution worker Thread 15"        [_thread_in_native, id=8120, stack(0x0000007dae600000,0x0000007dae700000) (1024K)]
  0x000001ca7eb13170 JavaThread "Cache worker for execution history cache (F:\git\Create-Train-Navigator\.gradle\8.12.1\executionHistory)"        [_thread_blocked, id=45668, stack(0x0000007dae700000,0x0000007dae800000) (1024K)]
  0x000001ca75a45690 JavaThread "Unconstrained build operations Thread 157"        [_thread_blocked, id=19992, stack(0x0000007daed00000,0x0000007daee00000) (1024K)]
Total: 225

Other Threads:
  0x000001ca287159c0 VMThread "VM Thread"                           [id=17732, stack(0x0000007d9f700000,0x0000007d9f800000) (1024K)]
  0x000001ca286fdd00 WatcherThread "VM Periodic Task Thread"        [id=3896, stack(0x0000007d9f600000,0x0000007d9f700000) (1024K)]
  0x000001ca0808e060 WorkerThread "GC Thread#0"                     [id=39780, stack(0x0000007d9f100000,0x0000007d9f200000) (1024K)]
  0x000001ca6e4482d0 WorkerThread "GC Thread#1"                     [id=14184, stack(0x0000007da0500000,0x0000007da0600000) (1024K)]
  0x000001ca6e448670 WorkerThread "GC Thread#2"                     [id=38172, stack(0x0000007da0600000,0x0000007da0700000) (1024K)]
  0x000001ca6e4364e0 WorkerThread "GC Thread#3"                     [id=35880, stack(0x0000007da0700000,0x0000007da0800000) (1024K)]
  0x000001ca6e436880 WorkerThread "GC Thread#4"                     [id=33260, stack(0x0000007da0800000,0x0000007da0900000) (1024K)]
  0x000001ca6e436c20 WorkerThread "GC Thread#5"                     [id=35404, stack(0x0000007da0900000,0x0000007da0a00000) (1024K)]
  0x000001ca6e3b7680 WorkerThread "GC Thread#6"                     [id=28556, stack(0x0000007da0a00000,0x0000007da0b00000) (1024K)]
  0x000001ca6e3b7a20 WorkerThread "GC Thread#7"                     [id=37368, stack(0x0000007da0b00000,0x0000007da0c00000) (1024K)]
  0x000001ca6e3b7dc0 WorkerThread "GC Thread#8"                     [id=316, stack(0x0000007da0c00000,0x0000007da0d00000) (1024K)]
  0x000001ca6e3b8160 WorkerThread "GC Thread#9"                     [id=20488, stack(0x0000007da0d00000,0x0000007da0e00000) (1024K)]
  0x000001ca6e3b8500 WorkerThread "GC Thread#10"                    [id=39416, stack(0x0000007da0e00000,0x0000007da0f00000) (1024K)]
  0x000001ca6e403f60 WorkerThread "GC Thread#11"                    [id=38624, stack(0x0000007da0f00000,0x0000007da1000000) (1024K)]
  0x000001ca73fd4d70 WorkerThread "GC Thread#12"                    [id=26164, stack(0x0000007da1f00000,0x0000007da2000000) (1024K)]
  0x000001ca0aef8130 ConcurrentGCThread "G1 Main Marker"            [id=39748, stack(0x0000007d9f200000,0x0000007d9f300000) (1024K)]
  0x000001ca0aef9540 WorkerThread "G1 Conc#0"                       [id=34668, stack(0x0000007d9f300000,0x0000007d9f400000) (1024K)]
  0x000001ca73fd5850 WorkerThread "G1 Conc#1"                       [id=17984, stack(0x0000007da2000000,0x0000007da2100000) (1024K)]
  0x000001ca73fd6e10 WorkerThread "G1 Conc#2"                       [id=42144, stack(0x0000007da2100000,0x0000007da2200000) (1024K)]
  0x000001ca27b14050 ConcurrentGCThread "G1 Refine#0"               [id=4840, stack(0x0000007d9f400000,0x0000007d9f500000) (1024K)]
  0x000001ca27b14870 ConcurrentGCThread "G1 Service"                [id=30448, stack(0x0000007d9f500000,0x0000007d9f600000) (1024K)]
Total: 21

Threads with active compile tasks:
C2 CompilerThread0   184060 38710       4       sun.security.ec.XECOperations::pointMultiply (383 bytes)
Total: 1

VM state: not at safepoint (normal execution)

VM Mutex/Monitor currently owned by a thread: None

Heap address: 0x0000000080000000, size: 2048 MB, Compressed Oops mode: 32-bit

CDS archive(s) mapped at: [0x000001ca29000000-0x000001ca29c90000-0x000001ca29c90000), size 13172736, SharedBaseAddress: 0x000001ca29000000, ArchiveRelocationMode: 1.
Compressed class space mapped at: 0x000001ca2a000000-0x000001ca6a000000, reserved size: 1073741824
Narrow klass base: 0x000001ca29000000, Narrow klass shift: 0, Narrow klass range: 0x100000000

GC Precious Log:
 CardTable entry size: 512
 Card Set container configuration: InlinePtr #cards 5 size 8 Array Of Cards #cards 12 size 40 Howl #buckets 4 coarsen threshold 1843 Howl Bitmap #cards 512 size 80 coarsen threshold 460 Card regions per heap region 1 cards per card region 2048
 CPUs: 16 total, 16 available
 Memory: 32546M
 Large Page Support: Disabled
 NUMA Support: Disabled
 Compressed Oops: Enabled (32-bit)
 Heap Region Size: 1M
 Heap Min Capacity: 8M
 Heap Initial Capacity: 510M
 Heap Max Capacity: 2G
 Pre-touch: Disabled
 Parallel Workers: 13
 Concurrent Workers: 3
 Concurrent Refinement Workers: 13
 Periodic GC: Disabled

Heap:
 garbage-first heap   total 1117184K, used 742560K [0x0000000080000000, 0x0000000100000000)
  region size 1024K, 91 young (93184K), 7 survivors (7168K)
 Metaspace       used 126334K, committed 129024K, reserved 1179648K
  class space    used 15722K, committed 17024K, reserved 1048576K

Heap Regions: E=young(eden), S=young(survivor), O=old, HS=humongous(starts), HC=humongous(continues), CS=collection set, F=free, TAMS=top-at-mark-start, PB=parsable bottom
|   0|0x0000000080000000, 0x00000000800ffff0, 0x0000000080100000| 99%| O|  |TAMS 0x0000000080000000| PB 0x0000000080000000| Untracked 
|   1|0x0000000080100000, 0x0000000080200000, 0x0000000080200000|100%|HS|  |TAMS 0x0000000080100000| PB 0x0000000080100000| Complete 
|   2|0x0000000080200000, 0x0000000080300000, 0x0000000080300000|100%|HC|  |TAMS 0x0000000080200000| PB 0x0000000080200000| Complete 
|   3|0x0000000080300000, 0x0000000080400000, 0x0000000080400000|100%|HC|  |TAMS 0x0000000080300000| PB 0x0000000080300000| Complete 
|   4|0x0000000080400000, 0x00000000804fffd0, 0x0000000080500000| 99%| O|  |TAMS 0x0000000080400000| PB 0x0000000080400000| Untracked 
|   5|0x0000000080500000, 0x0000000080600000, 0x0000000080600000|100%| O|  |TAMS 0x0000000080500000| PB 0x0000000080500000| Untracked 
|   6|0x0000000080600000, 0x00000000806ffff0, 0x0000000080700000| 99%| O|  |TAMS 0x0000000080600000| PB 0x0000000080600000| Untracked 
|   7|0x0000000080700000, 0x0000000080800000, 0x0000000080800000|100%| O|  |TAMS 0x0000000080700000| PB 0x0000000080700000| Untracked 
|   8|0x0000000080800000, 0x0000000080900000, 0x0000000080900000|100%|HS|  |TAMS 0x0000000080800000| PB 0x0000000080800000| Complete 
|   9|0x0000000080900000, 0x0000000080a00000, 0x0000000080a00000|100%|HS|  |TAMS 0x0000000080900000| PB 0x0000000080900000| Complete 
|  10|0x0000000080a00000, 0x0000000080b00000, 0x0000000080b00000|100%| O|  |TAMS 0x0000000080a00000| PB 0x0000000080a00000| Untracked 
|  11|0x0000000080b00000, 0x0000000080c00000, 0x0000000080c00000|100%| O|  |TAMS 0x0000000080b00000| PB 0x0000000080b00000| Untracked 
|  12|0x0000000080c00000, 0x0000000080d00000, 0x0000000080d00000|100%|HS|  |TAMS 0x0000000080c00000| PB 0x0000000080c00000| Complete 
|  13|0x0000000080d00000, 0x0000000080e00000, 0x0000000080e00000|100%|HC|  |TAMS 0x0000000080d00000| PB 0x0000000080d00000| Complete 
|  14|0x0000000080e00000, 0x0000000080f00000, 0x0000000080f00000|100%|HC|  |TAMS 0x0000000080e00000| PB 0x0000000080e00000| Complete 
|  15|0x0000000080f00000, 0x0000000081000000, 0x0000000081000000|100%|HC|  |TAMS 0x0000000080f00000| PB 0x0000000080f00000| Complete 
|  16|0x0000000081000000, 0x0000000081100000, 0x0000000081100000|100%|HC|  |TAMS 0x0000000081000000| PB 0x0000000081000000| Complete 
|  17|0x0000000081100000, 0x0000000081200000, 0x0000000081200000|100%|HC|  |TAMS 0x0000000081100000| PB 0x0000000081100000| Complete 
|  18|0x0000000081200000, 0x0000000081300000, 0x0000000081300000|100%|HS|  |TAMS 0x0000000081200000| PB 0x0000000081200000| Complete 
|  19|0x0000000081300000, 0x0000000081400000, 0x0000000081400000|100%|HC|  |TAMS 0x0000000081300000| PB 0x0000000081300000| Complete 
|  20|0x0000000081400000, 0x0000000081500000, 0x0000000081500000|100%|HC|  |TAMS 0x0000000081400000| PB 0x0000000081400000| Complete 
|  21|0x0000000081500000, 0x0000000081600000, 0x0000000081600000|100%|HS|  |TAMS 0x0000000081500000| PB 0x0000000081500000| Complete 
|  22|0x0000000081600000, 0x0000000081700000, 0x0000000081700000|100%|HC|  |TAMS 0x0000000081600000| PB 0x0000000081600000| Complete 
|  23|0x0000000081700000, 0x0000000081800000, 0x0000000081800000|100%|HS|  |TAMS 0x0000000081700000| PB 0x0000000081700000| Complete 
|  24|0x0000000081800000, 0x0000000081900000, 0x0000000081900000|100%|HC|  |TAMS 0x0000000081800000| PB 0x0000000081800000| Complete 
|  25|0x0000000081900000, 0x0000000081a00000, 0x0000000081a00000|100%|HC|  |TAMS 0x0000000081900000| PB 0x0000000081900000| Complete 
|  26|0x0000000081a00000, 0x0000000081b00000, 0x0000000081b00000|100%|HC|  |TAMS 0x0000000081a00000| PB 0x0000000081a00000| Complete 
|  27|0x0000000081b00000, 0x0000000081c00000, 0x0000000081c00000|100%|HC|  |TAMS 0x0000000081b00000| PB 0x0000000081b00000| Complete 
|  28|0x0000000081c00000, 0x0000000081d00000, 0x0000000081d00000|100%|HC|  |TAMS 0x0000000081c00000| PB 0x0000000081c00000| Complete 
|  29|0x0000000081d00000, 0x0000000081e00000, 0x0000000081e00000|100%|HS|  |TAMS 0x0000000081d00000| PB 0x0000000081d00000| Complete 
|  30|0x0000000081e00000, 0x0000000081f00000, 0x0000000081f00000|100%|HC|  |TAMS 0x0000000081e00000| PB 0x0000000081e00000| Complete 
|  31|0x0000000081f00000, 0x0000000082000000, 0x0000000082000000|100%|HC|  |TAMS 0x0000000081f00000| PB 0x0000000081f00000| Complete 
|  32|0x0000000082000000, 0x0000000082100000, 0x0000000082100000|100%|HS|  |TAMS 0x0000000082000000| PB 0x0000000082000000| Complete 
|  33|0x0000000082100000, 0x0000000082200000, 0x0000000082200000|100%|HC|  |TAMS 0x0000000082100000| PB 0x0000000082100000| Complete 
|  34|0x0000000082200000, 0x0000000082300000, 0x0000000082300000|100%|HS|  |TAMS 0x0000000082200000| PB 0x0000000082200000| Complete 
|  35|0x0000000082300000, 0x0000000082400000, 0x0000000082400000|100%| O|  |TAMS 0x0000000082300000| PB 0x0000000082300000| Untracked 
|  36|0x0000000082400000, 0x0000000082500000, 0x0000000082500000|100%| O|  |TAMS 0x0000000082400000| PB 0x0000000082400000| Untracked 
|  37|0x0000000082500000, 0x0000000082600000, 0x0000000082600000|100%| O|  |TAMS 0x0000000082500000| PB 0x0000000082500000| Untracked 
|  38|0x0000000082600000, 0x0000000082700000, 0x0000000082700000|100%|HS|  |TAMS 0x0000000082600000| PB 0x0000000082600000| Complete 
|  39|0x0000000082700000, 0x0000000082800000, 0x0000000082800000|100%|HS|  |TAMS 0x0000000082700000| PB 0x0000000082700000| Complete 
|  40|0x0000000082800000, 0x0000000082900000, 0x0000000082900000|100%| O|  |TAMS 0x0000000082800000| PB 0x0000000082800000| Untracked 
|  41|0x0000000082900000, 0x0000000082a00000, 0x0000000082a00000|100%| O|  |TAMS 0x0000000082900000| PB 0x0000000082900000| Untracked 
|  42|0x0000000082a00000, 0x0000000082b00000, 0x0000000082b00000|100%| O|  |TAMS 0x0000000082a00000| PB 0x0000000082a00000| Untracked 
|  43|0x0000000082b00000, 0x0000000082c00000, 0x0000000082c00000|100%| O|  |TAMS 0x0000000082b00000| PB 0x0000000082b00000| Untracked 
|  44|0x0000000082c00000, 0x0000000082d00000, 0x0000000082d00000|100%| O|  |TAMS 0x0000000082c00000| PB 0x0000000082c00000| Untracked 
|  45|0x0000000082d00000, 0x0000000082e00000, 0x0000000082e00000|100%|HS|  |TAMS 0x0000000082d00000| PB 0x0000000082d00000| Complete 
|  46|0x0000000082e00000, 0x0000000082f00000, 0x0000000082f00000|100%|HC|  |TAMS 0x0000000082e00000| PB 0x0000000082e00000| Complete 
|  47|0x0000000082f00000, 0x0000000083000000, 0x0000000083000000|100%| O|  |TAMS 0x0000000082f00000| PB 0x0000000082f00000| Untracked 
|  48|0x0000000083000000, 0x0000000083100000, 0x0000000083100000|100%| O|  |TAMS 0x0000000083000000| PB 0x0000000083000000| Untracked 
|  49|0x0000000083100000, 0x0000000083200000, 0x0000000083200000|100%| O|  |TAMS 0x0000000083100000| PB 0x0000000083100000| Untracked 
|  50|0x0000000083200000, 0x00000000832ffff8, 0x0000000083300000| 99%| O|  |TAMS 0x0000000083200000| PB 0x0000000083200000| Untracked 
|  51|0x0000000083300000, 0x0000000083400000, 0x0000000083400000|100%| O|  |TAMS 0x0000000083300000| PB 0x0000000083300000| Untracked 
|  52|0x0000000083400000, 0x0000000083500000, 0x0000000083500000|100%| O|  |TAMS 0x0000000083400000| PB 0x0000000083400000| Untracked 
|  53|0x0000000083500000, 0x0000000083600000, 0x0000000083600000|100%|HS|  |TAMS 0x0000000083500000| PB 0x0000000083500000| Complete 
|  54|0x0000000083600000, 0x0000000083700000, 0x0000000083700000|100%|HC|  |TAMS 0x0000000083600000| PB 0x0000000083600000| Complete 
|  55|0x0000000083700000, 0x0000000083800000, 0x0000000083800000|100%|HC|  |TAMS 0x0000000083700000| PB 0x0000000083700000| Complete 
|  56|0x0000000083800000, 0x0000000083900000, 0x0000000083900000|100%|HC|  |TAMS 0x0000000083800000| PB 0x0000000083800000| Complete 
|  57|0x0000000083900000, 0x0000000083a00000, 0x0000000083a00000|100%|HC|  |TAMS 0x0000000083900000| PB 0x0000000083900000| Complete 
|  58|0x0000000083a00000, 0x0000000083b00000, 0x0000000083b00000|100%|HC|  |TAMS 0x0000000083a00000| PB 0x0000000083a00000| Complete 
|  59|0x0000000083b00000, 0x0000000083c00000, 0x0000000083c00000|100%|HS|  |TAMS 0x0000000083b00000| PB 0x0000000083b00000| Complete 
|  60|0x0000000083c00000, 0x0000000083d00000, 0x0000000083d00000|100%|HC|  |TAMS 0x0000000083c00000| PB 0x0000000083c00000| Complete 
|  61|0x0000000083d00000, 0x0000000083e00000, 0x0000000083e00000|100%|HC|  |TAMS 0x0000000083d00000| PB 0x0000000083d00000| Complete 
|  62|0x0000000083e00000, 0x0000000083f00000, 0x0000000083f00000|100%|HC|  |TAMS 0x0000000083e00000| PB 0x0000000083e00000| Complete 
|  63|0x0000000083f00000, 0x0000000084000000, 0x0000000084000000|100%|HC|  |TAMS 0x0000000083f00000| PB 0x0000000083f00000| Complete 
|  64|0x0000000084000000, 0x0000000084100000, 0x0000000084100000|100%|HC|  |TAMS 0x0000000084000000| PB 0x0000000084000000| Complete 
|  65|0x0000000084100000, 0x00000000841ffff0, 0x0000000084200000| 99%| O|  |TAMS 0x0000000084100000| PB 0x0000000084100000| Untracked 
|  66|0x0000000084200000, 0x00000000842fffc0, 0x0000000084300000| 99%| O|  |TAMS 0x0000000084200000| PB 0x0000000084200000| Untracked 
|  67|0x0000000084300000, 0x00000000843ffff0, 0x0000000084400000| 99%| O|  |TAMS 0x0000000084300000| PB 0x0000000084300000| Untracked 
|  68|0x0000000084400000, 0x0000000084500000, 0x0000000084500000|100%| O|  |TAMS 0x0000000084400000| PB 0x0000000084400000| Untracked 
|  69|0x0000000084500000, 0x00000000845fffe8, 0x0000000084600000| 99%| O|  |TAMS 0x0000000084500000| PB 0x0000000084500000| Untracked 
|  70|0x0000000084600000, 0x00000000846ffd98, 0x0000000084700000| 99%| O|  |TAMS 0x0000000084600000| PB 0x0000000084600000| Untracked 
|  71|0x0000000084700000, 0x00000000847ffff0, 0x0000000084800000| 99%| O|  |TAMS 0x0000000084700000| PB 0x0000000084700000| Untracked 
|  72|0x0000000084800000, 0x0000000084900000, 0x0000000084900000|100%| O|  |TAMS 0x0000000084800000| PB 0x0000000084800000| Untracked 
|  73|0x0000000084900000, 0x0000000084a00000, 0x0000000084a00000|100%| O|  |TAMS 0x0000000084900000| PB 0x0000000084900000| Untracked 
|  74|0x0000000084a00000, 0x0000000084b00000, 0x0000000084b00000|100%| O|  |TAMS 0x0000000084a00000| PB 0x0000000084a00000| Untracked 
|  75|0x0000000084b00000, 0x0000000084c00000, 0x0000000084c00000|100%| O|  |TAMS 0x0000000084b00000| PB 0x0000000084b00000| Untracked 
|  76|0x0000000084c00000, 0x0000000084d00000, 0x0000000084d00000|100%| O|  |TAMS 0x0000000084c00000| PB 0x0000000084c00000| Untracked 
|  77|0x0000000084d00000, 0x0000000084e00000, 0x0000000084e00000|100%| O|  |TAMS 0x0000000084d00000| PB 0x0000000084d00000| Untracked 
|  78|0x0000000084e00000, 0x0000000084f00000, 0x0000000084f00000|100%| O|  |TAMS 0x0000000084e00000| PB 0x0000000084e00000| Untracked 
|  79|0x0000000084f00000, 0x0000000085000000, 0x0000000085000000|100%| O|  |TAMS 0x0000000084f00000| PB 0x0000000084f00000| Untracked 
|  80|0x0000000085000000, 0x0000000085100000, 0x0000000085100000|100%| O|  |TAMS 0x0000000085000000| PB 0x0000000085000000| Untracked 
|  81|0x0000000085100000, 0x0000000085200000, 0x0000000085200000|100%| O|  |TAMS 0x0000000085100000| PB 0x0000000085100000| Untracked 
|  82|0x0000000085200000, 0x00000000852fffc0, 0x0000000085300000| 99%| O|  |TAMS 0x0000000085200000| PB 0x0000000085200000| Untracked 
|  83|0x0000000085300000, 0x00000000853ffff0, 0x0000000085400000| 99%| O|  |TAMS 0x0000000085300000| PB 0x0000000085300000| Untracked 
|  84|0x0000000085400000, 0x00000000854fffe0, 0x0000000085500000| 99%| O|  |TAMS 0x0000000085400000| PB 0x0000000085400000| Untracked 
|  85|0x0000000085500000, 0x0000000085600000, 0x0000000085600000|100%| O|  |TAMS 0x0000000085500000| PB 0x0000000085500000| Untracked 
|  86|0x0000000085600000, 0x0000000085700000, 0x0000000085700000|100%| O|  |TAMS 0x0000000085600000| PB 0x0000000085600000| Untracked 
|  87|0x0000000085700000, 0x0000000085800000, 0x0000000085800000|100%| O|  |TAMS 0x0000000085700000| PB 0x0000000085700000| Untracked 
|  88|0x0000000085800000, 0x0000000085900000, 0x0000000085900000|100%| O|  |TAMS 0x0000000085800000| PB 0x0000000085800000| Untracked 
|  89|0x0000000085900000, 0x0000000085a00000, 0x0000000085a00000|100%| O|  |TAMS 0x0000000085900000| PB 0x0000000085900000| Untracked 
|  90|0x0000000085a00000, 0x0000000085afff98, 0x0000000085b00000| 99%| O|  |TAMS 0x0000000085a00000| PB 0x0000000085a00000| Untracked 
|  91|0x0000000085b00000, 0x0000000085bfffe8, 0x0000000085c00000| 99%| O|  |TAMS 0x0000000085b00000| PB 0x0000000085b00000| Untracked 
|  92|0x0000000085c00000, 0x0000000085d00000, 0x0000000085d00000|100%| O|  |TAMS 0x0000000085c00000| PB 0x0000000085c00000| Untracked 
|  93|0x0000000085d00000, 0x0000000085ddb400, 0x0000000085e00000| 85%| O|  |TAMS 0x0000000085d00000| PB 0x0000000085d00000| Untracked 
|  94|0x0000000085e00000, 0x0000000085effff8, 0x0000000085f00000| 99%| O|  |TAMS 0x0000000085e00000| PB 0x0000000085e00000| Untracked 
|  95|0x0000000085f00000, 0x0000000086000000, 0x0000000086000000|100%| O|  |TAMS 0x0000000085f00000| PB 0x0000000085f00000| Untracked 
|  96|0x0000000086000000, 0x00000000860fffe8, 0x0000000086100000| 99%| O|  |TAMS 0x0000000086000000| PB 0x0000000086000000| Untracked 
|  97|0x0000000086100000, 0x00000000861f70d8, 0x0000000086200000| 96%| O|  |TAMS 0x0000000086100000| PB 0x0000000086100000| Untracked 
|  98|0x0000000086200000, 0x0000000086300000, 0x0000000086300000|100%| O|  |TAMS 0x0000000086200000| PB 0x0000000086200000| Untracked 
|  99|0x0000000086300000, 0x00000000863fffd8, 0x0000000086400000| 99%| O|  |TAMS 0x0000000086300000| PB 0x0000000086300000| Untracked 
| 100|0x0000000086400000, 0x0000000086500000, 0x0000000086500000|100%| O|  |TAMS 0x0000000086400000| PB 0x0000000086400000| Untracked 
| 101|0x0000000086500000, 0x00000000865fffd0, 0x0000000086600000| 99%| O|  |TAMS 0x0000000086500000| PB 0x0000000086500000| Untracked 
| 102|0x0000000086600000, 0x0000000086700000, 0x0000000086700000|100%| O|  |TAMS 0x0000000086600000| PB 0x0000000086600000| Untracked 
| 103|0x0000000086700000, 0x00000000867fffd0, 0x0000000086800000| 99%| O|  |TAMS 0x0000000086700000| PB 0x0000000086700000| Untracked 
| 104|0x0000000086800000, 0x00000000868fffd8, 0x0000000086900000| 99%| O|  |TAMS 0x0000000086800000| PB 0x0000000086800000| Untracked 
| 105|0x0000000086900000, 0x0000000086a00000, 0x0000000086a00000|100%| O|  |TAMS 0x0000000086900000| PB 0x0000000086900000| Untracked 
| 106|0x0000000086a00000, 0x0000000086b00000, 0x0000000086b00000|100%| O|  |TAMS 0x0000000086a00000| PB 0x0000000086a00000| Untracked 
| 107|0x0000000086b00000, 0x0000000086c00000, 0x0000000086c00000|100%| O|  |TAMS 0x0000000086b00000| PB 0x0000000086b00000| Untracked 
| 108|0x0000000086c00000, 0x0000000086d00000, 0x0000000086d00000|100%| O|  |TAMS 0x0000000086c00000| PB 0x0000000086c00000| Untracked 
| 109|0x0000000086d00000, 0x0000000086dfffe0, 0x0000000086e00000| 99%| O|  |TAMS 0x0000000086d00000| PB 0x0000000086d00000| Untracked 
| 110|0x0000000086e00000, 0x0000000086f00000, 0x0000000086f00000|100%| O|  |TAMS 0x0000000086e00000| PB 0x0000000086e00000| Untracked 
| 111|0x0000000086f00000, 0x0000000087000000, 0x0000000087000000|100%| O|  |TAMS 0x0000000086f00000| PB 0x0000000086f00000| Untracked 
| 112|0x0000000087000000, 0x0000000087100000, 0x0000000087100000|100%| O|  |TAMS 0x0000000087000000| PB 0x0000000087000000| Untracked 
| 113|0x0000000087100000, 0x00000000871fffe8, 0x0000000087200000| 99%| O|  |TAMS 0x0000000087100000| PB 0x0000000087100000| Untracked 
| 114|0x0000000087200000, 0x00000000872ffff8, 0x0000000087300000| 99%| O|  |TAMS 0x0000000087200000| PB 0x0000000087200000| Untracked 
| 115|0x0000000087300000, 0x0000000087400000, 0x0000000087400000|100%| O|  |TAMS 0x0000000087300000| PB 0x0000000087300000| Untracked 
| 116|0x0000000087400000, 0x0000000087500000, 0x0000000087500000|100%|HS|  |TAMS 0x0000000087400000| PB 0x0000000087400000| Complete 
| 117|0x0000000087500000, 0x0000000087600000, 0x0000000087600000|100%|HC|  |TAMS 0x0000000087500000| PB 0x0000000087500000| Complete 
| 118|0x0000000087600000, 0x0000000087700000, 0x0000000087700000|100%| O|  |TAMS 0x0000000087600000| PB 0x0000000087600000| Untracked 
| 119|0x0000000087700000, 0x0000000087800000, 0x0000000087800000|100%| O|  |TAMS 0x0000000087700000| PB 0x0000000087700000| Untracked 
| 120|0x0000000087800000, 0x0000000087900000, 0x0000000087900000|100%| O|  |TAMS 0x0000000087800000| PB 0x0000000087800000| Untracked 
| 121|0x0000000087900000, 0x0000000087a00000, 0x0000000087a00000|100%| O|  |TAMS 0x0000000087900000| PB 0x0000000087900000| Untracked 
| 122|0x0000000087a00000, 0x0000000087b00000, 0x0000000087b00000|100%| O|  |TAMS 0x0000000087a00000| PB 0x0000000087a00000| Untracked 
| 123|0x0000000087b00000, 0x0000000087c00000, 0x0000000087c00000|100%| O|  |TAMS 0x0000000087b00000| PB 0x0000000087b00000| Untracked 
| 124|0x0000000087c00000, 0x0000000087cfffc8, 0x0000000087d00000| 99%| O|  |TAMS 0x0000000087c00000| PB 0x0000000087c00000| Untracked 
| 125|0x0000000087d00000, 0x0000000087dffff8, 0x0000000087e00000| 99%| O|Cm|TAMS 0x0000000087d00000| PB 0x0000000087d00000| Complete 
| 126|0x0000000087e00000, 0x0000000087f00000, 0x0000000087f00000|100%| O|  |TAMS 0x0000000087e00000| PB 0x0000000087e00000| Untracked 
| 127|0x0000000087f00000, 0x0000000088000000, 0x0000000088000000|100%| O|  |TAMS 0x0000000087f00000| PB 0x0000000087f00000| Untracked 
| 128|0x0000000088000000, 0x00000000880ffff8, 0x0000000088100000| 99%| O|Cm|TAMS 0x0000000088000000| PB 0x0000000088000000| Complete 
| 129|0x0000000088100000, 0x0000000088200000, 0x0000000088200000|100%| O|  |TAMS 0x0000000088100000| PB 0x0000000088100000| Untracked 
| 130|0x0000000088200000, 0x0000000088300000, 0x0000000088300000|100%| O|  |TAMS 0x0000000088200000| PB 0x0000000088200000| Untracked 
| 131|0x0000000088300000, 0x0000000088400000, 0x0000000088400000|100%| O|  |TAMS 0x0000000088300000| PB 0x0000000088300000| Untracked 
| 132|0x0000000088400000, 0x0000000088500000, 0x0000000088500000|100%| O|  |TAMS 0x0000000088400000| PB 0x0000000088400000| Untracked 
| 133|0x0000000088500000, 0x0000000088600000, 0x0000000088600000|100%| O|  |TAMS 0x0000000088500000| PB 0x0000000088500000| Untracked 
| 134|0x0000000088600000, 0x0000000088700000, 0x0000000088700000|100%| O|  |TAMS 0x0000000088600000| PB 0x0000000088600000| Untracked 
| 135|0x0000000088700000, 0x0000000088800000, 0x0000000088800000|100%| O|  |TAMS 0x0000000088700000| PB 0x0000000088700000| Untracked 
| 136|0x0000000088800000, 0x0000000088900000, 0x0000000088900000|100%| O|  |TAMS 0x0000000088800000| PB 0x0000000088800000| Untracked 
| 137|0x0000000088900000, 0x0000000088a00000, 0x0000000088a00000|100%| O|  |TAMS 0x0000000088900000| PB 0x0000000088900000| Untracked 
| 138|0x0000000088a00000, 0x0000000088b00000, 0x0000000088b00000|100%| O|  |TAMS 0x0000000088a00000| PB 0x0000000088a00000| Untracked 
| 139|0x0000000088b00000, 0x0000000088bffff0, 0x0000000088c00000| 99%| O|  |TAMS 0x0000000088b00000| PB 0x0000000088b00000| Untracked 
| 140|0x0000000088c00000, 0x0000000088cffff8, 0x0000000088d00000| 99%| O|Cm|TAMS 0x0000000088c00000| PB 0x0000000088c00000| Complete 
| 141|0x0000000088d00000, 0x0000000088e00000, 0x0000000088e00000|100%| O|  |TAMS 0x0000000088d00000| PB 0x0000000088d00000| Untracked 
| 142|0x0000000088e00000, 0x0000000088f00000, 0x0000000088f00000|100%| O|  |TAMS 0x0000000088e00000| PB 0x0000000088e00000| Untracked 
| 143|0x0000000088f00000, 0x0000000088fffff0, 0x0000000089000000| 99%| O|  |TAMS 0x0000000088f00000| PB 0x0000000088f00000| Untracked 
| 144|0x0000000089000000, 0x00000000890fffe8, 0x0000000089100000| 99%| O|  |TAMS 0x0000000089000000| PB 0x0000000089000000| Untracked 
| 145|0x0000000089100000, 0x00000000891ffff0, 0x0000000089200000| 99%| O|  |TAMS 0x0000000089100000| PB 0x0000000089100000| Untracked 
| 146|0x0000000089200000, 0x00000000892ffff0, 0x0000000089300000| 99%| O|Cm|TAMS 0x0000000089200000| PB 0x0000000089200000| Complete 
| 147|0x0000000089300000, 0x0000000089400000, 0x0000000089400000|100%|HS|  |TAMS 0x0000000089300000| PB 0x0000000089300000| Complete 
| 148|0x0000000089400000, 0x0000000089500000, 0x0000000089500000|100%|HC|  |TAMS 0x0000000089400000| PB 0x0000000089400000| Complete 
| 149|0x0000000089500000, 0x0000000089600000, 0x0000000089600000|100%| O|  |TAMS 0x0000000089500000| PB 0x0000000089500000| Untracked 
| 150|0x0000000089600000, 0x0000000089700000, 0x0000000089700000|100%| O|  |TAMS 0x0000000089600000| PB 0x0000000089600000| Untracked 
| 151|0x0000000089700000, 0x0000000089800000, 0x0000000089800000|100%| O|  |TAMS 0x0000000089700000| PB 0x0000000089700000| Untracked 
| 152|0x0000000089800000, 0x0000000089900000, 0x0000000089900000|100%| O|  |TAMS 0x0000000089800000| PB 0x0000000089800000| Untracked 
| 153|0x0000000089900000, 0x0000000089a00000, 0x0000000089a00000|100%| O|  |TAMS 0x0000000089900000| PB 0x0000000089900000| Untracked 
| 154|0x0000000089a00000, 0x0000000089b00000, 0x0000000089b00000|100%| O|  |TAMS 0x0000000089a00000| PB 0x0000000089a00000| Untracked 
| 155|0x0000000089b00000, 0x0000000089c00000, 0x0000000089c00000|100%| O|  |TAMS 0x0000000089b00000| PB 0x0000000089b00000| Untracked 
| 156|0x0000000089c00000, 0x0000000089cffff8, 0x0000000089d00000| 99%| O|  |TAMS 0x0000000089c00000| PB 0x0000000089c00000| Untracked 
| 157|0x0000000089d00000, 0x0000000089dfffe8, 0x0000000089e00000| 99%| O|  |TAMS 0x0000000089d00000| PB 0x0000000089d00000| Untracked 
| 158|0x0000000089e00000, 0x0000000089f00000, 0x0000000089f00000|100%|HS|  |TAMS 0x0000000089e00000| PB 0x0000000089e00000| Complete 
| 159|0x0000000089f00000, 0x000000008a000000, 0x000000008a000000|100%|HC|  |TAMS 0x0000000089f00000| PB 0x0000000089f00000| Complete 
| 160|0x000000008a000000, 0x000000008a0ffff0, 0x000000008a100000| 99%| O|  |TAMS 0x000000008a000000| PB 0x000000008a000000| Untracked 
| 161|0x000000008a100000, 0x000000008a1fffe8, 0x000000008a200000| 99%| O|Cm|TAMS 0x000000008a100000| PB 0x000000008a100000| Complete 
| 162|0x000000008a200000, 0x000000008a300000, 0x000000008a300000|100%|HS|  |TAMS 0x000000008a200000| PB 0x000000008a200000| Complete 
| 163|0x000000008a300000, 0x000000008a400000, 0x000000008a400000|100%| O|  |TAMS 0x000000008a300000| PB 0x000000008a300000| Untracked 
| 164|0x000000008a400000, 0x000000008a500000, 0x000000008a500000|100%| O|  |TAMS 0x000000008a400000| PB 0x000000008a400000| Untracked 
| 165|0x000000008a500000, 0x000000008a5fffe8, 0x000000008a600000| 99%| O|  |TAMS 0x000000008a500000| PB 0x000000008a500000| Untracked 
| 166|0x000000008a600000, 0x000000008a700000, 0x000000008a700000|100%|HS|  |TAMS 0x000000008a600000| PB 0x000000008a600000| Complete 
| 167|0x000000008a700000, 0x000000008a800000, 0x000000008a800000|100%|HC|  |TAMS 0x000000008a700000| PB 0x000000008a700000| Complete 
| 168|0x000000008a800000, 0x000000008a900000, 0x000000008a900000|100%| O|  |TAMS 0x000000008a800000| PB 0x000000008a800000| Untracked 
| 169|0x000000008a900000, 0x000000008aa00000, 0x000000008aa00000|100%| O|  |TAMS 0x000000008a900000| PB 0x000000008a900000| Untracked 
| 170|0x000000008aa00000, 0x000000008aaffff8, 0x000000008ab00000| 99%| O|Cm|TAMS 0x000000008aa00000| PB 0x000000008aa00000| Complete 
| 171|0x000000008ab00000, 0x000000008ac00000, 0x000000008ac00000|100%| O|  |TAMS 0x000000008ab00000| PB 0x000000008ab00000| Untracked 
| 172|0x000000008ac00000, 0x000000008ad00000, 0x000000008ad00000|100%| O|  |TAMS 0x000000008ac00000| PB 0x000000008ac00000| Untracked 
| 173|0x000000008ad00000, 0x000000008ae00000, 0x000000008ae00000|100%| O|  |TAMS 0x000000008ad00000| PB 0x000000008ad00000| Untracked 
| 174|0x000000008ae00000, 0x000000008af00000, 0x000000008af00000|100%| O|  |TAMS 0x000000008ae00000| PB 0x000000008ae00000| Untracked 
| 175|0x000000008af00000, 0x000000008b000000, 0x000000008b000000|100%| O|  |TAMS 0x000000008af00000| PB 0x000000008af00000| Untracked 
| 176|0x000000008b000000, 0x000000008b100000, 0x000000008b100000|100%| O|  |TAMS 0x000000008b000000| PB 0x000000008b000000| Untracked 
| 177|0x000000008b100000, 0x000000008b200000, 0x000000008b200000|100%| O|  |TAMS 0x000000008b100000| PB 0x000000008b100000| Untracked 
| 178|0x000000008b200000, 0x000000008b300000, 0x000000008b300000|100%| O|  |TAMS 0x000000008b200000| PB 0x000000008b200000| Untracked 
| 179|0x000000008b300000, 0x000000008b400000, 0x000000008b400000|100%| O|  |TAMS 0x000000008b300000| PB 0x000000008b300000| Untracked 
| 180|0x000000008b400000, 0x000000008b500000, 0x000000008b500000|100%| O|  |TAMS 0x000000008b400000| PB 0x000000008b400000| Untracked 
| 181|0x000000008b500000, 0x000000008b600000, 0x000000008b600000|100%| O|  |TAMS 0x000000008b500000| PB 0x000000008b500000| Untracked 
| 182|0x000000008b600000, 0x000000008b700000, 0x000000008b700000|100%| O|  |TAMS 0x000000008b600000| PB 0x000000008b600000| Untracked 
| 183|0x000000008b700000, 0x000000008b800000, 0x000000008b800000|100%| O|  |TAMS 0x000000008b700000| PB 0x000000008b700000| Untracked 
| 184|0x000000008b800000, 0x000000008b900000, 0x000000008b900000|100%| O|  |TAMS 0x000000008b800000| PB 0x000000008b800000| Untracked 
| 185|0x000000008b900000, 0x000000008ba00000, 0x000000008ba00000|100%| O|  |TAMS 0x000000008b900000| PB 0x000000008b900000| Untracked 
| 186|0x000000008ba00000, 0x000000008bb00000, 0x000000008bb00000|100%| O|  |TAMS 0x000000008ba00000| PB 0x000000008ba00000| Untracked 
| 187|0x000000008bb00000, 0x000000008bc00000, 0x000000008bc00000|100%| O|  |TAMS 0x000000008bb00000| PB 0x000000008bb00000| Untracked 
| 188|0x000000008bc00000, 0x000000008bd00000, 0x000000008bd00000|100%| O|  |TAMS 0x000000008bc00000| PB 0x000000008bc00000| Untracked 
| 189|0x000000008bd00000, 0x000000008be00000, 0x000000008be00000|100%| O|  |TAMS 0x000000008bd00000| PB 0x000000008bd00000| Untracked 
| 190|0x000000008be00000, 0x000000008bf00000, 0x000000008bf00000|100%| O|  |TAMS 0x000000008be00000| PB 0x000000008be00000| Untracked 
| 191|0x000000008bf00000, 0x000000008c000000, 0x000000008c000000|100%|HS|  |TAMS 0x000000008bf00000| PB 0x000000008bf00000| Complete 
| 192|0x000000008c000000, 0x000000008c100000, 0x000000008c100000|100%|HC|  |TAMS 0x000000008c000000| PB 0x000000008c000000| Complete 
| 193|0x000000008c100000, 0x000000008c200000, 0x000000008c200000|100%| O|  |TAMS 0x000000008c100000| PB 0x000000008c100000| Untracked 
| 194|0x000000008c200000, 0x000000008c300000, 0x000000008c300000|100%| O|  |TAMS 0x000000008c200000| PB 0x000000008c200000| Untracked 
| 195|0x000000008c300000, 0x000000008c400000, 0x000000008c400000|100%| O|  |TAMS 0x000000008c300000| PB 0x000000008c300000| Untracked 
| 196|0x000000008c400000, 0x000000008c500000, 0x000000008c500000|100%| O|  |TAMS 0x000000008c400000| PB 0x000000008c400000| Untracked 
| 197|0x000000008c500000, 0x000000008c600000, 0x000000008c600000|100%| O|  |TAMS 0x000000008c500000| PB 0x000000008c500000| Untracked 
| 198|0x000000008c600000, 0x000000008c700000, 0x000000008c700000|100%| O|Cm|TAMS 0x000000008c600000| PB 0x000000008c600000| Complete 
| 199|0x000000008c700000, 0x000000008c800000, 0x000000008c800000|100%| O|  |TAMS 0x000000008c700000| PB 0x000000008c700000| Untracked 
| 200|0x000000008c800000, 0x000000008c900000, 0x000000008c900000|100%| O|  |TAMS 0x000000008c800000| PB 0x000000008c800000| Untracked 
| 201|0x000000008c900000, 0x000000008ca00000, 0x000000008ca00000|100%| O|  |TAMS 0x000000008c900000| PB 0x000000008c900000| Untracked 
| 202|0x000000008ca00000, 0x000000008cb00000, 0x000000008cb00000|100%| O|  |TAMS 0x000000008ca00000| PB 0x000000008ca00000| Untracked 
| 203|0x000000008cb00000, 0x000000008cc00000, 0x000000008cc00000|100%| O|  |TAMS 0x000000008cb00000| PB 0x000000008cb00000| Untracked 
| 204|0x000000008cc00000, 0x000000008cd00000, 0x000000008cd00000|100%| O|  |TAMS 0x000000008cc00000| PB 0x000000008cc00000| Untracked 
| 205|0x000000008cd00000, 0x000000008ce00000, 0x000000008ce00000|100%| O|  |TAMS 0x000000008cd00000| PB 0x000000008cd00000| Untracked 
| 206|0x000000008ce00000, 0x000000008cf00000, 0x000000008cf00000|100%| O|Cm|TAMS 0x000000008ce00000| PB 0x000000008ce00000| Complete 
| 207|0x000000008cf00000, 0x000000008d000000, 0x000000008d000000|100%| O|Cm|TAMS 0x000000008cf00000| PB 0x000000008cf00000| Complete 
| 208|0x000000008d000000, 0x000000008d100000, 0x000000008d100000|100%| O|  |TAMS 0x000000008d000000| PB 0x000000008d000000| Untracked 
| 209|0x000000008d100000, 0x000000008d200000, 0x000000008d200000|100%|HS|  |TAMS 0x000000008d100000| PB 0x000000008d100000| Complete 
| 210|0x000000008d200000, 0x000000008d300000, 0x000000008d300000|100%|HC|  |TAMS 0x000000008d200000| PB 0x000000008d200000| Complete 
| 211|0x000000008d300000, 0x000000008d400000, 0x000000008d400000|100%| O|Cm|TAMS 0x000000008d300000| PB 0x000000008d300000| Complete 
| 212|0x000000008d400000, 0x000000008d500000, 0x000000008d500000|100%| O|Cm|TAMS 0x000000008d400000| PB 0x000000008d400000| Complete 
| 213|0x000000008d500000, 0x000000008d600000, 0x000000008d600000|100%| O|  |TAMS 0x000000008d500000| PB 0x000000008d500000| Untracked 
| 214|0x000000008d600000, 0x000000008d700000, 0x000000008d700000|100%| O|Cm|TAMS 0x000000008d600000| PB 0x000000008d600000| Complete 
| 215|0x000000008d700000, 0x000000008d800000, 0x000000008d800000|100%| O|Cm|TAMS 0x000000008d700000| PB 0x000000008d700000| Complete 
| 216|0x000000008d800000, 0x000000008d900000, 0x000000008d900000|100%| O|Cm|TAMS 0x000000008d800000| PB 0x000000008d800000| Complete 
| 217|0x000000008d900000, 0x000000008da00000, 0x000000008da00000|100%| O|Cm|TAMS 0x000000008d900000| PB 0x000000008d900000| Complete 
| 218|0x000000008da00000, 0x000000008db00000, 0x000000008db00000|100%| O|Cm|TAMS 0x000000008da00000| PB 0x000000008da00000| Complete 
| 219|0x000000008db00000, 0x000000008dc00000, 0x000000008dc00000|100%| O|  |TAMS 0x000000008db00000| PB 0x000000008db00000| Untracked 
| 220|0x000000008dc00000, 0x000000008dcffff8, 0x000000008dd00000| 99%| O|Cm|TAMS 0x000000008dc00000| PB 0x000000008dc00000| Complete 
| 221|0x000000008dd00000, 0x000000008de00000, 0x000000008de00000|100%| O|  |TAMS 0x000000008dd00000| PB 0x000000008dd00000| Untracked 
| 222|0x000000008de00000, 0x000000008df00000, 0x000000008df00000|100%| O|  |TAMS 0x000000008de00000| PB 0x000000008de00000| Untracked 
| 223|0x000000008df00000, 0x000000008dfffff0, 0x000000008e000000| 99%| O|  |TAMS 0x000000008df00000| PB 0x000000008df00000| Untracked 
| 224|0x000000008e000000, 0x000000008e100000, 0x000000008e100000|100%| O|  |TAMS 0x000000008e000000| PB 0x000000008e000000| Untracked 
| 225|0x000000008e100000, 0x000000008e200000, 0x000000008e200000|100%| O|Cm|TAMS 0x000000008e100000| PB 0x000000008e100000| Complete 
| 226|0x000000008e200000, 0x000000008e300000, 0x000000008e300000|100%| O|Cm|TAMS 0x000000008e200000| PB 0x000000008e200000| Complete 
| 227|0x000000008e300000, 0x000000008e3ffff0, 0x000000008e400000| 99%| O|  |TAMS 0x000000008e300000| PB 0x000000008e300000| Untracked 
| 228|0x000000008e400000, 0x000000008e500000, 0x000000008e500000|100%| O|  |TAMS 0x000000008e400000| PB 0x000000008e400000| Untracked 
| 229|0x000000008e500000, 0x000000008e5fffe8, 0x000000008e600000| 99%| O|  |TAMS 0x000000008e500000| PB 0x000000008e500000| Untracked 
| 230|0x000000008e600000, 0x000000008e6ffff8, 0x000000008e700000| 99%| O|  |TAMS 0x000000008e600000| PB 0x000000008e600000| Untracked 
| 231|0x000000008e700000, 0x000000008e800000, 0x000000008e800000|100%| O|  |TAMS 0x000000008e700000| PB 0x000000008e700000| Untracked 
| 232|0x000000008e800000, 0x000000008e8fffe8, 0x000000008e900000| 99%| O|  |TAMS 0x000000008e800000| PB 0x000000008e800000| Untracked 
| 233|0x000000008e900000, 0x000000008e9ffff8, 0x000000008ea00000| 99%| O|  |TAMS 0x000000008e900000| PB 0x000000008e900000| Untracked 
| 234|0x000000008ea00000, 0x000000008eb00000, 0x000000008eb00000|100%| O|  |TAMS 0x000000008ea00000| PB 0x000000008ea00000| Untracked 
| 235|0x000000008eb00000, 0x000000008ec00000, 0x000000008ec00000|100%| O|  |TAMS 0x000000008eb00000| PB 0x000000008eb00000| Untracked 
| 236|0x000000008ec00000, 0x000000008ecffff0, 0x000000008ed00000| 99%| O|  |TAMS 0x000000008ec00000| PB 0x000000008ec00000| Untracked 
| 237|0x000000008ed00000, 0x000000008ee00000, 0x000000008ee00000|100%| O|  |TAMS 0x000000008ed00000| PB 0x000000008ed00000| Untracked 
| 238|0x000000008ee00000, 0x000000008eefffe0, 0x000000008ef00000| 99%| O|  |TAMS 0x000000008ee00000| PB 0x000000008ee00000| Untracked 
| 239|0x000000008ef00000, 0x000000008f000000, 0x000000008f000000|100%| O|  |TAMS 0x000000008ef00000| PB 0x000000008ef00000| Untracked 
| 240|0x000000008f000000, 0x000000008f100000, 0x000000008f100000|100%| O|  |TAMS 0x000000008f000000| PB 0x000000008f000000| Untracked 
| 241|0x000000008f100000, 0x000000008f1fffc8, 0x000000008f200000| 99%| O|  |TAMS 0x000000008f100000| PB 0x000000008f100000| Untracked 
| 242|0x000000008f200000, 0x000000008f300000, 0x000000008f300000|100%| O|  |TAMS 0x000000008f200000| PB 0x000000008f200000| Untracked 
| 243|0x000000008f300000, 0x000000008f400000, 0x000000008f400000|100%| O|  |TAMS 0x000000008f300000| PB 0x000000008f300000| Untracked 
| 244|0x000000008f400000, 0x000000008f500000, 0x000000008f500000|100%| O|  |TAMS 0x000000008f400000| PB 0x000000008f400000| Untracked 
| 245|0x000000008f500000, 0x000000008f600000, 0x000000008f600000|100%| O|  |TAMS 0x000000008f500000| PB 0x000000008f500000| Untracked 
| 246|0x000000008f600000, 0x000000008f700000, 0x000000008f700000|100%| O|Cm|TAMS 0x000000008f600000| PB 0x000000008f600000| Complete 
| 247|0x000000008f700000, 0x000000008f800000, 0x000000008f800000|100%| O|Cm|TAMS 0x000000008f700000| PB 0x000000008f700000| Complete 
| 248|0x000000008f800000, 0x000000008f900000, 0x000000008f900000|100%| O|Cm|TAMS 0x000000008f800000| PB 0x000000008f800000| Complete 
| 249|0x000000008f900000, 0x000000008fa00000, 0x000000008fa00000|100%| O|Cm|TAMS 0x000000008f900000| PB 0x000000008f900000| Complete 
| 250|0x000000008fa00000, 0x000000008fb00000, 0x000000008fb00000|100%| O|  |TAMS 0x000000008fa00000| PB 0x000000008fa00000| Untracked 
| 251|0x000000008fb00000, 0x000000008fc00000, 0x000000008fc00000|100%| O|Cm|TAMS 0x000000008fb00000| PB 0x000000008fb00000| Complete 
| 252|0x000000008fc00000, 0x000000008fd00000, 0x000000008fd00000|100%| O|Cm|TAMS 0x000000008fc00000| PB 0x000000008fc00000| Complete 
| 253|0x000000008fd00000, 0x000000008fdffff0, 0x000000008fe00000| 99%| O|  |TAMS 0x000000008fd00000| PB 0x000000008fd00000| Untracked 
| 254|0x000000008fe00000, 0x000000008ff00000, 0x000000008ff00000|100%|HS|  |TAMS 0x000000008fe00000| PB 0x000000008fe00000| Complete 
| 255|0x000000008ff00000, 0x0000000090000000, 0x0000000090000000|100%|HS|  |TAMS 0x000000008ff00000| PB 0x000000008ff00000| Complete 
| 256|0x0000000090000000, 0x00000000900ffc08, 0x0000000090100000| 99%| O|  |TAMS 0x0000000090000000| PB 0x0000000090000000| Untracked 
| 257|0x0000000090100000, 0x0000000090200000, 0x0000000090200000|100%| O|Cm|TAMS 0x0000000090100000| PB 0x0000000090100000| Complete 
| 258|0x0000000090200000, 0x00000000902ffdd0, 0x0000000090300000| 99%| O|  |TAMS 0x0000000090200000| PB 0x0000000090200000| Untracked 
| 259|0x0000000090300000, 0x00000000903924a0, 0x0000000090400000| 57%| O|  |TAMS 0x0000000090300000| PB 0x0000000090300000| Untracked 
| 260|0x0000000090400000, 0x00000000904fffe8, 0x0000000090500000| 99%| O|  |TAMS 0x0000000090400000| PB 0x0000000090400000| Untracked 
| 261|0x0000000090500000, 0x0000000090600000, 0x0000000090600000|100%| O|  |TAMS 0x0000000090500000| PB 0x0000000090500000| Untracked 
| 262|0x0000000090600000, 0x00000000906fffe8, 0x0000000090700000| 99%| O|  |TAMS 0x0000000090600000| PB 0x0000000090600000| Untracked 
| 263|0x0000000090700000, 0x00000000907f6dd8, 0x0000000090800000| 96%| O|  |TAMS 0x0000000090700000| PB 0x0000000090700000| Untracked 
| 264|0x0000000090800000, 0x00000000908fffb0, 0x0000000090900000| 99%| O|  |TAMS 0x0000000090800000| PB 0x0000000090800000| Untracked 
| 265|0x0000000090900000, 0x00000000909d76e8, 0x0000000090a00000| 84%| O|  |TAMS 0x0000000090900000| PB 0x0000000090900000| Untracked 
| 266|0x0000000090a00000, 0x0000000090b00000, 0x0000000090b00000|100%| O|  |TAMS 0x0000000090a00000| PB 0x0000000090a00000| Untracked 
| 267|0x0000000090b00000, 0x0000000090c00000, 0x0000000090c00000|100%| O|  |TAMS 0x0000000090b00000| PB 0x0000000090b00000| Untracked 
| 268|0x0000000090c00000, 0x0000000090d00000, 0x0000000090d00000|100%| O|  |TAMS 0x0000000090c00000| PB 0x0000000090c00000| Untracked 
| 269|0x0000000090d00000, 0x0000000090dffe50, 0x0000000090e00000| 99%| O|  |TAMS 0x0000000090d00000| PB 0x0000000090d00000| Untracked 
| 270|0x0000000090e00000, 0x0000000090ef6438, 0x0000000090f00000| 96%| O|  |TAMS 0x0000000090e00000| PB 0x0000000090e00000| Untracked 
| 271|0x0000000090f00000, 0x0000000091000000, 0x0000000091000000|100%| O|  |TAMS 0x0000000090f00000| PB 0x0000000090f00000| Untracked 
| 272|0x0000000091000000, 0x0000000091100000, 0x0000000091100000|100%| O|  |TAMS 0x0000000091000000| PB 0x0000000091000000| Untracked 
| 273|0x0000000091100000, 0x0000000091200000, 0x0000000091200000|100%| O|  |TAMS 0x0000000091100000| PB 0x0000000091100000| Untracked 
| 274|0x0000000091200000, 0x0000000091300000, 0x0000000091300000|100%| O|  |TAMS 0x0000000091200000| PB 0x0000000091200000| Untracked 
| 275|0x0000000091300000, 0x00000000913fffa8, 0x0000000091400000| 99%| O|  |TAMS 0x0000000091300000| PB 0x0000000091300000| Untracked 
| 276|0x0000000091400000, 0x00000000914ffff0, 0x0000000091500000| 99%| O|  |TAMS 0x0000000091400000| PB 0x0000000091400000| Untracked 
| 277|0x0000000091500000, 0x0000000091600000, 0x0000000091600000|100%| O|  |TAMS 0x0000000091500000| PB 0x0000000091500000| Untracked 
| 278|0x0000000091600000, 0x0000000091645590, 0x0000000091700000| 27%| O|  |TAMS 0x0000000091600000| PB 0x0000000091600000| Untracked 
| 279|0x0000000091700000, 0x0000000091800000, 0x0000000091800000|100%|HS|  |TAMS 0x0000000091700000| PB 0x0000000091700000| Complete 
| 280|0x0000000091800000, 0x0000000091900000, 0x0000000091900000|100%|HC|  |TAMS 0x0000000091800000| PB 0x0000000091800000| Complete 
| 281|0x0000000091900000, 0x0000000091a00000, 0x0000000091a00000|100%|HC|  |TAMS 0x0000000091900000| PB 0x0000000091900000| Complete 
| 282|0x0000000091a00000, 0x0000000091a9a6b0, 0x0000000091b00000| 60%| O|  |TAMS 0x0000000091a00000| PB 0x0000000091a00000| Untracked 
| 283|0x0000000091b00000, 0x0000000091c00000, 0x0000000091c00000|100%| O|  |TAMS 0x0000000091b00000| PB 0x0000000091b00000| Untracked 
| 284|0x0000000091c00000, 0x0000000091cfffd8, 0x0000000091d00000| 99%| O|  |TAMS 0x0000000091c00000| PB 0x0000000091c00000| Untracked 
| 285|0x0000000091d00000, 0x0000000091e00000, 0x0000000091e00000|100%| O|  |TAMS 0x0000000091d00000| PB 0x0000000091d00000| Untracked 
| 286|0x0000000091e00000, 0x0000000091f00000, 0x0000000091f00000|100%| O|  |TAMS 0x0000000091e00000| PB 0x0000000091e00000| Untracked 
| 287|0x0000000091f00000, 0x0000000092000000, 0x0000000092000000|100%| O|  |TAMS 0x0000000091f00000| PB 0x0000000091f00000| Untracked 
| 288|0x0000000092000000, 0x0000000092100000, 0x0000000092100000|100%| O|  |TAMS 0x0000000092000000| PB 0x0000000092000000| Untracked 
| 289|0x0000000092100000, 0x0000000092200000, 0x0000000092200000|100%|HS|  |TAMS 0x0000000092100000| PB 0x0000000092100000| Complete 
| 290|0x0000000092200000, 0x0000000092300000, 0x0000000092300000|100%| O|  |TAMS 0x0000000092200000| PB 0x0000000092200000| Untracked 
| 291|0x0000000092300000, 0x0000000092400000, 0x0000000092400000|100%| O|  |TAMS 0x0000000092300000| PB 0x0000000092300000| Untracked 
| 292|0x0000000092400000, 0x0000000092500000, 0x0000000092500000|100%| O|  |TAMS 0x0000000092400000| PB 0x0000000092400000| Untracked 
| 293|0x0000000092500000, 0x0000000092600000, 0x0000000092600000|100%| O|  |TAMS 0x0000000092500000| PB 0x0000000092500000| Untracked 
| 294|0x0000000092600000, 0x0000000092700000, 0x0000000092700000|100%| O|  |TAMS 0x0000000092600000| PB 0x0000000092600000| Untracked 
| 295|0x0000000092700000, 0x0000000092800000, 0x0000000092800000|100%| O|  |TAMS 0x0000000092700000| PB 0x0000000092700000| Untracked 
| 296|0x0000000092800000, 0x00000000928740c8, 0x0000000092900000| 45%| O|  |TAMS 0x0000000092800000| PB 0x0000000092800000| Untracked 
| 297|0x0000000092900000, 0x0000000092a00000, 0x0000000092a00000|100%| O|  |TAMS 0x0000000092900000| PB 0x0000000092900000| Untracked 
| 298|0x0000000092a00000, 0x0000000092b00000, 0x0000000092b00000|100%| O|  |TAMS 0x0000000092a00000| PB 0x0000000092a00000| Untracked 
| 299|0x0000000092b00000, 0x0000000092c00000, 0x0000000092c00000|100%| O|  |TAMS 0x0000000092b00000| PB 0x0000000092b00000| Untracked 
| 300|0x0000000092c00000, 0x0000000092d00000, 0x0000000092d00000|100%| O|  |TAMS 0x0000000092c00000| PB 0x0000000092c00000| Untracked 
| 301|0x0000000092d00000, 0x0000000092e00000, 0x0000000092e00000|100%| O|  |TAMS 0x0000000092d00000| PB 0x0000000092d00000| Untracked 
| 302|0x0000000092e00000, 0x0000000092f00000, 0x0000000092f00000|100%| O|  |TAMS 0x0000000092e00000| PB 0x0000000092e00000| Untracked 
| 303|0x0000000092f00000, 0x0000000093000000, 0x0000000093000000|100%| O|  |TAMS 0x0000000092f00000| PB 0x0000000092f00000| Untracked 
| 304|0x0000000093000000, 0x0000000093100000, 0x0000000093100000|100%| O|  |TAMS 0x0000000093000000| PB 0x0000000093000000| Untracked 
| 305|0x0000000093100000, 0x0000000093200000, 0x0000000093200000|100%| O|Cm|TAMS 0x0000000093100000| PB 0x0000000093100000| Complete 
| 306|0x0000000093200000, 0x0000000093300000, 0x0000000093300000|100%| O|  |TAMS 0x0000000093200000| PB 0x0000000093200000| Untracked 
| 307|0x0000000093300000, 0x0000000093400000, 0x0000000093400000|100%| O|  |TAMS 0x0000000093300000| PB 0x0000000093300000| Untracked 
| 308|0x0000000093400000, 0x0000000093500000, 0x0000000093500000|100%| O|  |TAMS 0x0000000093400000| PB 0x0000000093400000| Untracked 
| 309|0x0000000093500000, 0x0000000093600000, 0x0000000093600000|100%| O|  |TAMS 0x0000000093500000| PB 0x0000000093500000| Untracked 
| 310|0x0000000093600000, 0x00000000936fffd8, 0x0000000093700000| 99%| O|  |TAMS 0x0000000093600000| PB 0x0000000093600000| Untracked 
| 311|0x0000000093700000, 0x0000000093800000, 0x0000000093800000|100%| O|  |TAMS 0x0000000093700000| PB 0x0000000093700000| Untracked 
| 312|0x0000000093800000, 0x0000000093900000, 0x0000000093900000|100%| O|Cm|TAMS 0x0000000093800000| PB 0x0000000093800000| Complete 
| 313|0x0000000093900000, 0x0000000093a00000, 0x0000000093a00000|100%| O|Cm|TAMS 0x0000000093900000| PB 0x0000000093900000| Complete 
| 314|0x0000000093a00000, 0x0000000093b00000, 0x0000000093b00000|100%| O|  |TAMS 0x0000000093a00000| PB 0x0000000093a00000| Untracked 
| 315|0x0000000093b00000, 0x0000000093c00000, 0x0000000093c00000|100%| O|  |TAMS 0x0000000093b00000| PB 0x0000000093b00000| Untracked 
| 316|0x0000000093c00000, 0x0000000093d00000, 0x0000000093d00000|100%| O|  |TAMS 0x0000000093c00000| PB 0x0000000093c00000| Untracked 
| 317|0x0000000093d00000, 0x0000000093e00000, 0x0000000093e00000|100%| O|  |TAMS 0x0000000093d00000| PB 0x0000000093d00000| Untracked 
| 318|0x0000000093e00000, 0x0000000093f00000, 0x0000000093f00000|100%| O|  |TAMS 0x0000000093e00000| PB 0x0000000093e00000| Untracked 
| 319|0x0000000093f00000, 0x0000000094000000, 0x0000000094000000|100%| O|  |TAMS 0x0000000093f00000| PB 0x0000000093f00000| Untracked 
| 320|0x0000000094000000, 0x0000000094100000, 0x0000000094100000|100%| O|  |TAMS 0x0000000094000000| PB 0x0000000094000000| Untracked 
| 321|0x0000000094100000, 0x0000000094200000, 0x0000000094200000|100%| O|  |TAMS 0x0000000094100000| PB 0x0000000094100000| Untracked 
| 322|0x0000000094200000, 0x0000000094300000, 0x0000000094300000|100%| O|  |TAMS 0x0000000094200000| PB 0x0000000094200000| Untracked 
| 323|0x0000000094300000, 0x000000009432c180, 0x0000000094400000| 17%| O|  |TAMS 0x0000000094300000| PB 0x0000000094300000| Untracked 
| 324|0x0000000094400000, 0x0000000094500000, 0x0000000094500000|100%| O|  |TAMS 0x0000000094400000| PB 0x0000000094400000| Untracked 
| 325|0x0000000094500000, 0x0000000094600000, 0x0000000094600000|100%| O|  |TAMS 0x0000000094500000| PB 0x0000000094500000| Untracked 
| 326|0x0000000094600000, 0x0000000094700000, 0x0000000094700000|100%| O|  |TAMS 0x0000000094600000| PB 0x0000000094600000| Untracked 
| 327|0x0000000094700000, 0x0000000094800000, 0x0000000094800000|100%| O|  |TAMS 0x0000000094700000| PB 0x0000000094700000| Untracked 
| 328|0x0000000094800000, 0x0000000094900000, 0x0000000094900000|100%| O|  |TAMS 0x0000000094800000| PB 0x0000000094800000| Untracked 
| 329|0x0000000094900000, 0x0000000094a00000, 0x0000000094a00000|100%| O|  |TAMS 0x0000000094900000| PB 0x0000000094900000| Untracked 
| 330|0x0000000094a00000, 0x0000000094b00000, 0x0000000094b00000|100%| O|  |TAMS 0x0000000094a00000| PB 0x0000000094a00000| Untracked 
| 331|0x0000000094b00000, 0x0000000094c00000, 0x0000000094c00000|100%| O|  |TAMS 0x0000000094b00000| PB 0x0000000094b00000| Untracked 
| 332|0x0000000094c00000, 0x0000000094d00000, 0x0000000094d00000|100%| O|  |TAMS 0x0000000094c00000| PB 0x0000000094c00000| Untracked 
| 333|0x0000000094d00000, 0x0000000094e00000, 0x0000000094e00000|100%| O|  |TAMS 0x0000000094d00000| PB 0x0000000094d00000| Untracked 
| 334|0x0000000094e00000, 0x0000000094f00000, 0x0000000094f00000|100%| O|  |TAMS 0x0000000094e00000| PB 0x0000000094e00000| Untracked 
| 335|0x0000000094f00000, 0x0000000095000000, 0x0000000095000000|100%| O|  |TAMS 0x0000000094f00000| PB 0x0000000094f00000| Untracked 
| 336|0x0000000095000000, 0x0000000095100000, 0x0000000095100000|100%| O|  |TAMS 0x0000000095000000| PB 0x0000000095000000| Untracked 
| 337|0x0000000095100000, 0x0000000095200000, 0x0000000095200000|100%| O|  |TAMS 0x0000000095100000| PB 0x0000000095100000| Untracked 
| 338|0x0000000095200000, 0x0000000095300000, 0x0000000095300000|100%| O|  |TAMS 0x0000000095200000| PB 0x0000000095200000| Untracked 
| 339|0x0000000095300000, 0x0000000095400000, 0x0000000095400000|100%| O|  |TAMS 0x0000000095300000| PB 0x0000000095300000| Untracked 
| 340|0x0000000095400000, 0x0000000095500000, 0x0000000095500000|100%| O|  |TAMS 0x0000000095400000| PB 0x0000000095400000| Untracked 
| 341|0x0000000095500000, 0x0000000095600000, 0x0000000095600000|100%| O|  |TAMS 0x0000000095500000| PB 0x0000000095500000| Untracked 
| 342|0x0000000095600000, 0x0000000095700000, 0x0000000095700000|100%| O|Cm|TAMS 0x0000000095600000| PB 0x0000000095600000| Complete 
| 343|0x0000000095700000, 0x0000000095800000, 0x0000000095800000|100%| O|Cm|TAMS 0x0000000095700000| PB 0x0000000095700000| Complete 
| 344|0x0000000095800000, 0x0000000095900000, 0x0000000095900000|100%| O|Cm|TAMS 0x0000000095800000| PB 0x0000000095800000| Complete 
| 345|0x0000000095900000, 0x0000000095a00000, 0x0000000095a00000|100%| O|Cm|TAMS 0x0000000095900000| PB 0x0000000095900000| Complete 
| 346|0x0000000095a00000, 0x0000000095b00000, 0x0000000095b00000|100%| O|Cm|TAMS 0x0000000095a00000| PB 0x0000000095a00000| Complete 
| 347|0x0000000095b00000, 0x0000000095c00000, 0x0000000095c00000|100%| O|Cm|TAMS 0x0000000095b00000| PB 0x0000000095b00000| Complete 
| 348|0x0000000095c00000, 0x0000000095d00000, 0x0000000095d00000|100%| O|  |TAMS 0x0000000095c00000| PB 0x0000000095c00000| Untracked 
| 349|0x0000000095d00000, 0x0000000095e00000, 0x0000000095e00000|100%| O|  |TAMS 0x0000000095d00000| PB 0x0000000095d00000| Untracked 
| 350|0x0000000095e00000, 0x0000000095f00000, 0x0000000095f00000|100%| O|  |TAMS 0x0000000095e00000| PB 0x0000000095e00000| Untracked 
| 351|0x0000000095f00000, 0x0000000096000000, 0x0000000096000000|100%| O|  |TAMS 0x0000000095f00000| PB 0x0000000095f00000| Untracked 
| 352|0x0000000096000000, 0x0000000096100000, 0x0000000096100000|100%| O|  |TAMS 0x0000000096000000| PB 0x0000000096000000| Untracked 
| 353|0x0000000096100000, 0x0000000096200000, 0x0000000096200000|100%| O|  |TAMS 0x0000000096100000| PB 0x0000000096100000| Untracked 
| 354|0x0000000096200000, 0x0000000096300000, 0x0000000096300000|100%| O|Cm|TAMS 0x0000000096200000| PB 0x0000000096200000| Complete 
| 355|0x0000000096300000, 0x0000000096400000, 0x0000000096400000|100%| O|Cm|TAMS 0x0000000096300000| PB 0x0000000096300000| Complete 
| 356|0x0000000096400000, 0x0000000096500000, 0x0000000096500000|100%| O|Cm|TAMS 0x0000000096400000| PB 0x0000000096400000| Complete 
| 357|0x0000000096500000, 0x0000000096600000, 0x0000000096600000|100%| O|  |TAMS 0x0000000096500000| PB 0x0000000096500000| Untracked 
| 358|0x0000000096600000, 0x0000000096700000, 0x0000000096700000|100%| O|  |TAMS 0x0000000096600000| PB 0x0000000096600000| Untracked 
| 359|0x0000000096700000, 0x0000000096800000, 0x0000000096800000|100%| O|  |TAMS 0x0000000096700000| PB 0x0000000096700000| Untracked 
| 360|0x0000000096800000, 0x0000000096900000, 0x0000000096900000|100%| O|  |TAMS 0x0000000096800000| PB 0x0000000096800000| Untracked 
| 361|0x0000000096900000, 0x0000000096a00000, 0x0000000096a00000|100%| O|  |TAMS 0x0000000096900000| PB 0x0000000096900000| Untracked 
| 362|0x0000000096a00000, 0x0000000096b00000, 0x0000000096b00000|100%| O|  |TAMS 0x0000000096a00000| PB 0x0000000096a00000| Untracked 
| 363|0x0000000096b00000, 0x0000000096c00000, 0x0000000096c00000|100%| O|  |TAMS 0x0000000096b00000| PB 0x0000000096b00000| Untracked 
| 364|0x0000000096c00000, 0x0000000096d00000, 0x0000000096d00000|100%| O|  |TAMS 0x0000000096c00000| PB 0x0000000096c00000| Untracked 
| 365|0x0000000096d00000, 0x0000000096e00000, 0x0000000096e00000|100%| O|  |TAMS 0x0000000096d00000| PB 0x0000000096d00000| Untracked 
| 366|0x0000000096e00000, 0x0000000096f00000, 0x0000000096f00000|100%| O|  |TAMS 0x0000000096e00000| PB 0x0000000096e00000| Untracked 
| 367|0x0000000096f00000, 0x0000000097000000, 0x0000000097000000|100%| O|  |TAMS 0x0000000096f00000| PB 0x0000000096f00000| Untracked 
| 368|0x0000000097000000, 0x0000000097100000, 0x0000000097100000|100%| O|  |TAMS 0x0000000097000000| PB 0x0000000097000000| Untracked 
| 369|0x0000000097100000, 0x0000000097200000, 0x0000000097200000|100%| O|  |TAMS 0x0000000097100000| PB 0x0000000097100000| Untracked 
| 370|0x0000000097200000, 0x0000000097300000, 0x0000000097300000|100%| O|  |TAMS 0x0000000097200000| PB 0x0000000097200000| Untracked 
| 371|0x0000000097300000, 0x0000000097400000, 0x0000000097400000|100%| O|  |TAMS 0x0000000097300000| PB 0x0000000097300000| Untracked 
| 372|0x0000000097400000, 0x0000000097500000, 0x0000000097500000|100%| O|  |TAMS 0x0000000097400000| PB 0x0000000097400000| Untracked 
| 373|0x0000000097500000, 0x0000000097600000, 0x0000000097600000|100%| O|  |TAMS 0x0000000097500000| PB 0x0000000097500000| Untracked 
| 374|0x0000000097600000, 0x0000000097700000, 0x0000000097700000|100%| O|  |TAMS 0x0000000097600000| PB 0x0000000097600000| Untracked 
| 375|0x0000000097700000, 0x0000000097800000, 0x0000000097800000|100%| O|  |TAMS 0x0000000097700000| PB 0x0000000097700000| Untracked 
| 376|0x0000000097800000, 0x0000000097900000, 0x0000000097900000|100%| O|  |TAMS 0x0000000097800000| PB 0x0000000097800000| Untracked 
| 377|0x0000000097900000, 0x0000000097a00000, 0x0000000097a00000|100%| O|  |TAMS 0x0000000097900000| PB 0x0000000097900000| Untracked 
| 378|0x0000000097a00000, 0x0000000097b00000, 0x0000000097b00000|100%| O|  |TAMS 0x0000000097a00000| PB 0x0000000097a00000| Untracked 
| 379|0x0000000097b00000, 0x0000000097c00000, 0x0000000097c00000|100%| O|  |TAMS 0x0000000097b00000| PB 0x0000000097b00000| Untracked 
| 380|0x0000000097c00000, 0x0000000097d00000, 0x0000000097d00000|100%| O|  |TAMS 0x0000000097c00000| PB 0x0000000097c00000| Untracked 
| 381|0x0000000097d00000, 0x0000000097e00000, 0x0000000097e00000|100%| O|  |TAMS 0x0000000097d00000| PB 0x0000000097d00000| Untracked 
| 382|0x0000000097e00000, 0x0000000097f00000, 0x0000000097f00000|100%| O|  |TAMS 0x0000000097e00000| PB 0x0000000097e00000| Untracked 
| 383|0x0000000097f00000, 0x0000000098000000, 0x0000000098000000|100%| O|  |TAMS 0x0000000097f00000| PB 0x0000000097f00000| Untracked 
| 384|0x0000000098000000, 0x0000000098100000, 0x0000000098100000|100%| O|  |TAMS 0x0000000098000000| PB 0x0000000098000000| Untracked 
| 385|0x0000000098100000, 0x0000000098200000, 0x0000000098200000|100%| O|  |TAMS 0x0000000098100000| PB 0x0000000098100000| Untracked 
| 386|0x0000000098200000, 0x0000000098300000, 0x0000000098300000|100%| O|  |TAMS 0x0000000098200000| PB 0x0000000098200000| Untracked 
| 387|0x0000000098300000, 0x0000000098400000, 0x0000000098400000|100%| O|  |TAMS 0x0000000098300000| PB 0x0000000098300000| Untracked 
| 388|0x0000000098400000, 0x0000000098500000, 0x0000000098500000|100%| O|  |TAMS 0x0000000098400000| PB 0x0000000098400000| Untracked 
| 389|0x0000000098500000, 0x0000000098600000, 0x0000000098600000|100%| O|Cm|TAMS 0x0000000098500000| PB 0x0000000098500000| Complete 
| 390|0x0000000098600000, 0x0000000098700000, 0x0000000098700000|100%| O|  |TAMS 0x0000000098600000| PB 0x0000000098600000| Untracked 
| 391|0x0000000098700000, 0x0000000098800000, 0x0000000098800000|100%| O|Cm|TAMS 0x0000000098700000| PB 0x0000000098700000| Complete 
| 392|0x0000000098800000, 0x0000000098900000, 0x0000000098900000|100%| O|  |TAMS 0x0000000098800000| PB 0x0000000098800000| Untracked 
| 393|0x0000000098900000, 0x0000000098a00000, 0x0000000098a00000|100%| O|Cm|TAMS 0x0000000098900000| PB 0x0000000098900000| Complete 
| 394|0x0000000098a00000, 0x0000000098b00000, 0x0000000098b00000|100%| O|Cm|TAMS 0x0000000098a00000| PB 0x0000000098a00000| Complete 
| 395|0x0000000098b00000, 0x0000000098c00000, 0x0000000098c00000|100%| O|  |TAMS 0x0000000098b00000| PB 0x0000000098b00000| Untracked 
| 396|0x0000000098c00000, 0x0000000098d00000, 0x0000000098d00000|100%| O|  |TAMS 0x0000000098c00000| PB 0x0000000098c00000| Untracked 
| 397|0x0000000098d00000, 0x0000000098e00000, 0x0000000098e00000|100%| O|  |TAMS 0x0000000098d00000| PB 0x0000000098d00000| Untracked 
| 398|0x0000000098e00000, 0x0000000098f00000, 0x0000000098f00000|100%| O|  |TAMS 0x0000000098e00000| PB 0x0000000098e00000| Untracked 
| 399|0x0000000098f00000, 0x0000000099000000, 0x0000000099000000|100%| O|  |TAMS 0x0000000098f00000| PB 0x0000000098f00000| Untracked 
| 400|0x0000000099000000, 0x0000000099100000, 0x0000000099100000|100%| O|  |TAMS 0x0000000099000000| PB 0x0000000099000000| Untracked 
| 401|0x0000000099100000, 0x0000000099200000, 0x0000000099200000|100%| O|  |TAMS 0x0000000099100000| PB 0x0000000099100000| Untracked 
| 402|0x0000000099200000, 0x0000000099300000, 0x0000000099300000|100%| O|  |TAMS 0x0000000099200000| PB 0x0000000099200000| Untracked 
| 403|0x0000000099300000, 0x0000000099400000, 0x0000000099400000|100%| O|  |TAMS 0x0000000099300000| PB 0x0000000099300000| Untracked 
| 404|0x0000000099400000, 0x0000000099500000, 0x0000000099500000|100%| O|  |TAMS 0x0000000099400000| PB 0x0000000099400000| Untracked 
| 405|0x0000000099500000, 0x0000000099600000, 0x0000000099600000|100%| O|  |TAMS 0x0000000099500000| PB 0x0000000099500000| Untracked 
| 406|0x0000000099600000, 0x0000000099700000, 0x0000000099700000|100%| O|  |TAMS 0x0000000099600000| PB 0x0000000099600000| Untracked 
| 407|0x0000000099700000, 0x0000000099800000, 0x0000000099800000|100%| O|  |TAMS 0x0000000099700000| PB 0x0000000099700000| Untracked 
| 408|0x0000000099800000, 0x0000000099900000, 0x0000000099900000|100%| O|  |TAMS 0x0000000099800000| PB 0x0000000099800000| Untracked 
| 409|0x0000000099900000, 0x0000000099a00000, 0x0000000099a00000|100%| O|  |TAMS 0x0000000099900000| PB 0x0000000099900000| Untracked 
| 410|0x0000000099a00000, 0x0000000099b00000, 0x0000000099b00000|100%| O|  |TAMS 0x0000000099a00000| PB 0x0000000099a00000| Untracked 
| 411|0x0000000099b00000, 0x0000000099c00000, 0x0000000099c00000|100%| O|  |TAMS 0x0000000099b00000| PB 0x0000000099b00000| Untracked 
| 412|0x0000000099c00000, 0x0000000099d00000, 0x0000000099d00000|100%| O|  |TAMS 0x0000000099c00000| PB 0x0000000099c00000| Untracked 
| 413|0x0000000099d00000, 0x0000000099e00000, 0x0000000099e00000|100%| O|  |TAMS 0x0000000099d00000| PB 0x0000000099d00000| Untracked 
| 414|0x0000000099e00000, 0x0000000099f00000, 0x0000000099f00000|100%| O|  |TAMS 0x0000000099e00000| PB 0x0000000099e00000| Untracked 
| 415|0x0000000099f00000, 0x000000009a000000, 0x000000009a000000|100%| O|  |TAMS 0x0000000099f00000| PB 0x0000000099f00000| Untracked 
| 416|0x000000009a000000, 0x000000009a100000, 0x000000009a100000|100%| O|  |TAMS 0x000000009a000000| PB 0x000000009a000000| Untracked 
| 417|0x000000009a100000, 0x000000009a200000, 0x000000009a200000|100%| O|  |TAMS 0x000000009a100000| PB 0x000000009a100000| Untracked 
| 418|0x000000009a200000, 0x000000009a300000, 0x000000009a300000|100%| O|  |TAMS 0x000000009a200000| PB 0x000000009a200000| Untracked 
| 419|0x000000009a300000, 0x000000009a400000, 0x000000009a400000|100%| O|  |TAMS 0x000000009a300000| PB 0x000000009a300000| Untracked 
| 420|0x000000009a400000, 0x000000009a500000, 0x000000009a500000|100%| O|  |TAMS 0x000000009a400000| PB 0x000000009a400000| Untracked 
| 421|0x000000009a500000, 0x000000009a600000, 0x000000009a600000|100%| O|  |TAMS 0x000000009a500000| PB 0x000000009a500000| Untracked 
| 422|0x000000009a600000, 0x000000009a700000, 0x000000009a700000|100%| O|  |TAMS 0x000000009a600000| PB 0x000000009a600000| Untracked 
| 423|0x000000009a700000, 0x000000009a800000, 0x000000009a800000|100%| O|  |TAMS 0x000000009a700000| PB 0x000000009a700000| Untracked 
| 424|0x000000009a800000, 0x000000009a900000, 0x000000009a900000|100%| O|  |TAMS 0x000000009a800000| PB 0x000000009a800000| Untracked 
| 425|0x000000009a900000, 0x000000009aa00000, 0x000000009aa00000|100%| O|  |TAMS 0x000000009a900000| PB 0x000000009a900000| Untracked 
| 426|0x000000009aa00000, 0x000000009ab00000, 0x000000009ab00000|100%| O|  |TAMS 0x000000009aa00000| PB 0x000000009aa00000| Untracked 
| 427|0x000000009ab00000, 0x000000009ac00000, 0x000000009ac00000|100%| O|  |TAMS 0x000000009ab00000| PB 0x000000009ab00000| Untracked 
| 428|0x000000009ac00000, 0x000000009ad00000, 0x000000009ad00000|100%| O|  |TAMS 0x000000009ac00000| PB 0x000000009ac00000| Untracked 
| 429|0x000000009ad00000, 0x000000009ae00000, 0x000000009ae00000|100%| O|  |TAMS 0x000000009ad00000| PB 0x000000009ad00000| Untracked 
| 430|0x000000009ae00000, 0x000000009af00000, 0x000000009af00000|100%| O|  |TAMS 0x000000009ae00000| PB 0x000000009ae00000| Untracked 
| 431|0x000000009af00000, 0x000000009b000000, 0x000000009b000000|100%| O|  |TAMS 0x000000009af00000| PB 0x000000009af00000| Untracked 
| 432|0x000000009b000000, 0x000000009b100000, 0x000000009b100000|100%| O|  |TAMS 0x000000009b000000| PB 0x000000009b000000| Untracked 
| 433|0x000000009b100000, 0x000000009b200000, 0x000000009b200000|100%| O|  |TAMS 0x000000009b100000| PB 0x000000009b100000| Untracked 
| 434|0x000000009b200000, 0x000000009b300000, 0x000000009b300000|100%| O|  |TAMS 0x000000009b200000| PB 0x000000009b200000| Untracked 
| 435|0x000000009b300000, 0x000000009b400000, 0x000000009b400000|100%| O|  |TAMS 0x000000009b300000| PB 0x000000009b300000| Untracked 
| 436|0x000000009b400000, 0x000000009b500000, 0x000000009b500000|100%| O|  |TAMS 0x000000009b400000| PB 0x000000009b400000| Untracked 
| 437|0x000000009b500000, 0x000000009b600000, 0x000000009b600000|100%| O|  |TAMS 0x000000009b500000| PB 0x000000009b500000| Untracked 
| 438|0x000000009b600000, 0x000000009b700000, 0x000000009b700000|100%| O|  |TAMS 0x000000009b600000| PB 0x000000009b600000| Untracked 
| 439|0x000000009b700000, 0x000000009b800000, 0x000000009b800000|100%| O|  |TAMS 0x000000009b700000| PB 0x000000009b700000| Untracked 
| 440|0x000000009b800000, 0x000000009b900000, 0x000000009b900000|100%| O|  |TAMS 0x000000009b800000| PB 0x000000009b800000| Untracked 
| 441|0x000000009b900000, 0x000000009ba00000, 0x000000009ba00000|100%| O|  |TAMS 0x000000009b900000| PB 0x000000009b900000| Untracked 
| 442|0x000000009ba00000, 0x000000009bb00000, 0x000000009bb00000|100%| O|  |TAMS 0x000000009ba00000| PB 0x000000009ba00000| Untracked 
| 443|0x000000009bb00000, 0x000000009bc00000, 0x000000009bc00000|100%| O|  |TAMS 0x000000009bb00000| PB 0x000000009bb00000| Untracked 
| 444|0x000000009bc00000, 0x000000009bd00000, 0x000000009bd00000|100%| O|  |TAMS 0x000000009bc00000| PB 0x000000009bc00000| Untracked 
| 445|0x000000009bd00000, 0x000000009be00000, 0x000000009be00000|100%| O|  |TAMS 0x000000009bd00000| PB 0x000000009bd00000| Untracked 
| 446|0x000000009be00000, 0x000000009bf00000, 0x000000009bf00000|100%| O|  |TAMS 0x000000009be00000| PB 0x000000009be00000| Untracked 
| 447|0x000000009bf00000, 0x000000009c000000, 0x000000009c000000|100%| O|  |TAMS 0x000000009bf00000| PB 0x000000009bf00000| Untracked 
| 448|0x000000009c000000, 0x000000009c100000, 0x000000009c100000|100%| O|  |TAMS 0x000000009c000000| PB 0x000000009c000000| Untracked 
| 449|0x000000009c100000, 0x000000009c200000, 0x000000009c200000|100%| O|  |TAMS 0x000000009c100000| PB 0x000000009c100000| Untracked 
| 450|0x000000009c200000, 0x000000009c300000, 0x000000009c300000|100%| O|  |TAMS 0x000000009c200000| PB 0x000000009c200000| Untracked 
| 451|0x000000009c300000, 0x000000009c400000, 0x000000009c400000|100%| O|  |TAMS 0x000000009c300000| PB 0x000000009c300000| Untracked 
| 452|0x000000009c400000, 0x000000009c500000, 0x000000009c500000|100%| O|  |TAMS 0x000000009c400000| PB 0x000000009c400000| Untracked 
| 453|0x000000009c500000, 0x000000009c600000, 0x000000009c600000|100%| O|  |TAMS 0x000000009c500000| PB 0x000000009c500000| Untracked 
| 454|0x000000009c600000, 0x000000009c700000, 0x000000009c700000|100%| O|  |TAMS 0x000000009c600000| PB 0x000000009c600000| Untracked 
| 455|0x000000009c700000, 0x000000009c800000, 0x000000009c800000|100%| O|  |TAMS 0x000000009c700000| PB 0x000000009c700000| Untracked 
| 456|0x000000009c800000, 0x000000009c900000, 0x000000009c900000|100%| O|  |TAMS 0x000000009c800000| PB 0x000000009c800000| Untracked 
| 457|0x000000009c900000, 0x000000009ca00000, 0x000000009ca00000|100%| O|  |TAMS 0x000000009c900000| PB 0x000000009c900000| Untracked 
| 458|0x000000009ca00000, 0x000000009cb00000, 0x000000009cb00000|100%| O|  |TAMS 0x000000009ca00000| PB 0x000000009ca00000| Untracked 
| 459|0x000000009cb00000, 0x000000009cc00000, 0x000000009cc00000|100%| O|  |TAMS 0x000000009cb00000| PB 0x000000009cb00000| Untracked 
| 460|0x000000009cc00000, 0x000000009cd00000, 0x000000009cd00000|100%| O|  |TAMS 0x000000009cc00000| PB 0x000000009cc00000| Untracked 
| 461|0x000000009cd00000, 0x000000009ce00000, 0x000000009ce00000|100%| O|  |TAMS 0x000000009cd00000| PB 0x000000009cd00000| Untracked 
| 462|0x000000009ce00000, 0x000000009cf00000, 0x000000009cf00000|100%| O|  |TAMS 0x000000009ce00000| PB 0x000000009ce00000| Untracked 
| 463|0x000000009cf00000, 0x000000009d000000, 0x000000009d000000|100%| O|  |TAMS 0x000000009cf00000| PB 0x000000009cf00000| Untracked 
| 464|0x000000009d000000, 0x000000009d100000, 0x000000009d100000|100%| O|  |TAMS 0x000000009d000000| PB 0x000000009d000000| Untracked 
| 465|0x000000009d100000, 0x000000009d200000, 0x000000009d200000|100%| O|Cm|TAMS 0x000000009d100000| PB 0x000000009d100000| Complete 
| 466|0x000000009d200000, 0x000000009d300000, 0x000000009d300000|100%| O|  |TAMS 0x000000009d200000| PB 0x000000009d200000| Untracked 
| 467|0x000000009d300000, 0x000000009d400000, 0x000000009d400000|100%| O|  |TAMS 0x000000009d300000| PB 0x000000009d300000| Untracked 
| 468|0x000000009d400000, 0x000000009d500000, 0x000000009d500000|100%| O|  |TAMS 0x000000009d400000| PB 0x000000009d400000| Untracked 
| 469|0x000000009d500000, 0x000000009d600000, 0x000000009d600000|100%| O|  |TAMS 0x000000009d500000| PB 0x000000009d500000| Untracked 
| 470|0x000000009d600000, 0x000000009d700000, 0x000000009d700000|100%| O|  |TAMS 0x000000009d600000| PB 0x000000009d600000| Untracked 
| 471|0x000000009d700000, 0x000000009d800000, 0x000000009d800000|100%| O|  |TAMS 0x000000009d700000| PB 0x000000009d700000| Untracked 
| 472|0x000000009d800000, 0x000000009d900000, 0x000000009d900000|100%| O|  |TAMS 0x000000009d800000| PB 0x000000009d800000| Untracked 
| 473|0x000000009d900000, 0x000000009da00000, 0x000000009da00000|100%| O|Cm|TAMS 0x000000009d900000| PB 0x000000009d900000| Complete 
| 474|0x000000009da00000, 0x000000009db00000, 0x000000009db00000|100%| O|  |TAMS 0x000000009da00000| PB 0x000000009da00000| Untracked 
| 475|0x000000009db00000, 0x000000009dc00000, 0x000000009dc00000|100%| O|Cm|TAMS 0x000000009db00000| PB 0x000000009db00000| Complete 
| 476|0x000000009dc00000, 0x000000009dd00000, 0x000000009dd00000|100%| O|  |TAMS 0x000000009dc00000| PB 0x000000009dc00000| Untracked 
| 477|0x000000009dd00000, 0x000000009de00000, 0x000000009de00000|100%| O|  |TAMS 0x000000009dd00000| PB 0x000000009dd00000| Untracked 
| 478|0x000000009de00000, 0x000000009df00000, 0x000000009df00000|100%| O|  |TAMS 0x000000009de00000| PB 0x000000009de00000| Untracked 
| 479|0x000000009df00000, 0x000000009e000000, 0x000000009e000000|100%| O|  |TAMS 0x000000009df00000| PB 0x000000009df00000| Untracked 
| 480|0x000000009e000000, 0x000000009e100000, 0x000000009e100000|100%| O|  |TAMS 0x000000009e000000| PB 0x000000009e000000| Untracked 
| 481|0x000000009e100000, 0x000000009e200000, 0x000000009e200000|100%| O|  |TAMS 0x000000009e100000| PB 0x000000009e100000| Untracked 
| 482|0x000000009e200000, 0x000000009e300000, 0x000000009e300000|100%| O|  |TAMS 0x000000009e200000| PB 0x000000009e200000| Untracked 
| 483|0x000000009e300000, 0x000000009e400000, 0x000000009e400000|100%| O|  |TAMS 0x000000009e300000| PB 0x000000009e300000| Untracked 
| 484|0x000000009e400000, 0x000000009e500000, 0x000000009e500000|100%| O|  |TAMS 0x000000009e400000| PB 0x000000009e400000| Untracked 
| 485|0x000000009e500000, 0x000000009e600000, 0x000000009e600000|100%| O|  |TAMS 0x000000009e500000| PB 0x000000009e500000| Untracked 
| 486|0x000000009e600000, 0x000000009e700000, 0x000000009e700000|100%| O|  |TAMS 0x000000009e600000| PB 0x000000009e600000| Untracked 
| 487|0x000000009e700000, 0x000000009e800000, 0x000000009e800000|100%| O|  |TAMS 0x000000009e700000| PB 0x000000009e700000| Untracked 
| 488|0x000000009e800000, 0x000000009e900000, 0x000000009e900000|100%| O|  |TAMS 0x000000009e800000| PB 0x000000009e800000| Untracked 
| 489|0x000000009e900000, 0x000000009ea00000, 0x000000009ea00000|100%| O|  |TAMS 0x000000009e900000| PB 0x000000009e900000| Untracked 
| 490|0x000000009ea00000, 0x000000009eb00000, 0x000000009eb00000|100%| O|  |TAMS 0x000000009ea00000| PB 0x000000009ea00000| Untracked 
| 491|0x000000009eb00000, 0x000000009ec00000, 0x000000009ec00000|100%| O|  |TAMS 0x000000009eb00000| PB 0x000000009eb00000| Untracked 
| 492|0x000000009ec00000, 0x000000009ed00000, 0x000000009ed00000|100%| O|  |TAMS 0x000000009ec00000| PB 0x000000009ec00000| Untracked 
| 493|0x000000009ed00000, 0x000000009ee00000, 0x000000009ee00000|100%| O|  |TAMS 0x000000009ed00000| PB 0x000000009ed00000| Untracked 
| 494|0x000000009ee00000, 0x000000009ef00000, 0x000000009ef00000|100%| O|  |TAMS 0x000000009ee00000| PB 0x000000009ee00000| Untracked 
| 495|0x000000009ef00000, 0x000000009f000000, 0x000000009f000000|100%| O|  |TAMS 0x000000009ef00000| PB 0x000000009ef00000| Untracked 
| 496|0x000000009f000000, 0x000000009f100000, 0x000000009f100000|100%| O|Cm|TAMS 0x000000009f000000| PB 0x000000009f000000| Complete 
| 497|0x000000009f100000, 0x000000009f200000, 0x000000009f200000|100%| O|  |TAMS 0x000000009f100000| PB 0x000000009f100000| Untracked 
| 498|0x000000009f200000, 0x000000009f300000, 0x000000009f300000|100%| O|  |TAMS 0x000000009f200000| PB 0x000000009f200000| Untracked 
| 499|0x000000009f300000, 0x000000009f400000, 0x000000009f400000|100%| O|  |TAMS 0x000000009f300000| PB 0x000000009f300000| Untracked 
| 500|0x000000009f400000, 0x000000009f500000, 0x000000009f500000|100%| O|  |TAMS 0x000000009f400000| PB 0x000000009f400000| Untracked 
| 501|0x000000009f500000, 0x000000009f600000, 0x000000009f600000|100%| O|  |TAMS 0x000000009f500000| PB 0x000000009f500000| Untracked 
| 502|0x000000009f600000, 0x000000009f700000, 0x000000009f700000|100%| O|  |TAMS 0x000000009f600000| PB 0x000000009f600000| Untracked 
| 503|0x000000009f700000, 0x000000009f800000, 0x000000009f800000|100%| O|Cm|TAMS 0x000000009f700000| PB 0x000000009f700000| Complete 
| 504|0x000000009f800000, 0x000000009f900000, 0x000000009f900000|100%| O|Cm|TAMS 0x000000009f800000| PB 0x000000009f800000| Complete 
| 505|0x000000009f900000, 0x000000009fa00000, 0x000000009fa00000|100%| O|Cm|TAMS 0x000000009f900000| PB 0x000000009f900000| Complete 
| 506|0x000000009fa00000, 0x000000009fb00000, 0x000000009fb00000|100%| O|Cm|TAMS 0x000000009fa00000| PB 0x000000009fa00000| Complete 
| 507|0x000000009fb00000, 0x000000009fc00000, 0x000000009fc00000|100%| O|Cm|TAMS 0x000000009fb00000| PB 0x000000009fb00000| Complete 
| 508|0x000000009fc00000, 0x000000009fd00000, 0x000000009fd00000|100%| O|  |TAMS 0x000000009fc00000| PB 0x000000009fc00000| Untracked 
| 509|0x000000009fd00000, 0x000000009fe00000, 0x000000009fe00000|100%| O|Cm|TAMS 0x000000009fd00000| PB 0x000000009fd00000| Complete 
| 510|0x000000009fe00000, 0x000000009ff00000, 0x000000009ff00000|100%| O|  |TAMS 0x000000009fe00000| PB 0x000000009fe00000| Untracked 
| 511|0x000000009ff00000, 0x00000000a0000000, 0x00000000a0000000|100%| O|  |TAMS 0x000000009ff00000| PB 0x000000009ff00000| Untracked 
| 512|0x00000000a0000000, 0x00000000a0100000, 0x00000000a0100000|100%| O|  |TAMS 0x00000000a0000000| PB 0x00000000a0000000| Untracked 
| 513|0x00000000a0100000, 0x00000000a0200000, 0x00000000a0200000|100%| O|  |TAMS 0x00000000a0100000| PB 0x00000000a0100000| Untracked 
| 514|0x00000000a0200000, 0x00000000a0300000, 0x00000000a0300000|100%| O|  |TAMS 0x00000000a0200000| PB 0x00000000a0200000| Untracked 
| 515|0x00000000a0300000, 0x00000000a0400000, 0x00000000a0400000|100%| O|  |TAMS 0x00000000a0300000| PB 0x00000000a0300000| Untracked 
| 516|0x00000000a0400000, 0x00000000a0500000, 0x00000000a0500000|100%| O|  |TAMS 0x00000000a0400000| PB 0x00000000a0400000| Untracked 
| 517|0x00000000a0500000, 0x00000000a0600000, 0x00000000a0600000|100%| O|  |TAMS 0x00000000a0500000| PB 0x00000000a0500000| Untracked 
| 518|0x00000000a0600000, 0x00000000a0700000, 0x00000000a0700000|100%| O|  |TAMS 0x00000000a0600000| PB 0x00000000a0600000| Untracked 
| 519|0x00000000a0700000, 0x00000000a0800000, 0x00000000a0800000|100%| O|  |TAMS 0x00000000a0700000| PB 0x00000000a0700000| Untracked 
| 520|0x00000000a0800000, 0x00000000a0900000, 0x00000000a0900000|100%| O|  |TAMS 0x00000000a0800000| PB 0x00000000a0800000| Untracked 
| 521|0x00000000a0900000, 0x00000000a0a00000, 0x00000000a0a00000|100%| O|  |TAMS 0x00000000a0900000| PB 0x00000000a0900000| Untracked 
| 522|0x00000000a0a00000, 0x00000000a0b00000, 0x00000000a0b00000|100%| O|  |TAMS 0x00000000a0a00000| PB 0x00000000a0a00000| Untracked 
| 523|0x00000000a0b00000, 0x00000000a0c00000, 0x00000000a0c00000|100%| O|  |TAMS 0x00000000a0b00000| PB 0x00000000a0b00000| Untracked 
| 524|0x00000000a0c00000, 0x00000000a0d00000, 0x00000000a0d00000|100%| O|  |TAMS 0x00000000a0c00000| PB 0x00000000a0c00000| Untracked 
| 525|0x00000000a0d00000, 0x00000000a0e00000, 0x00000000a0e00000|100%| O|  |TAMS 0x00000000a0d00000| PB 0x00000000a0d00000| Untracked 
| 526|0x00000000a0e00000, 0x00000000a0f00000, 0x00000000a0f00000|100%| O|Cm|TAMS 0x00000000a0e00000| PB 0x00000000a0e00000| Complete 
| 527|0x00000000a0f00000, 0x00000000a1000000, 0x00000000a1000000|100%| O|Cm|TAMS 0x00000000a0f00000| PB 0x00000000a0f00000| Complete 
| 528|0x00000000a1000000, 0x00000000a1100000, 0x00000000a1100000|100%| O|Cm|TAMS 0x00000000a1000000| PB 0x00000000a1000000| Complete 
| 529|0x00000000a1100000, 0x00000000a1200000, 0x00000000a1200000|100%| O|  |TAMS 0x00000000a1100000| PB 0x00000000a1100000| Untracked 
| 530|0x00000000a1200000, 0x00000000a1300000, 0x00000000a1300000|100%| O|  |TAMS 0x00000000a1200000| PB 0x00000000a1200000| Untracked 
| 531|0x00000000a1300000, 0x00000000a1400000, 0x00000000a1400000|100%| O|  |TAMS 0x00000000a1300000| PB 0x00000000a1300000| Untracked 
| 532|0x00000000a1400000, 0x00000000a1500000, 0x00000000a1500000|100%| O|  |TAMS 0x00000000a1400000| PB 0x00000000a1400000| Untracked 
| 533|0x00000000a1500000, 0x00000000a1600000, 0x00000000a1600000|100%| O|  |TAMS 0x00000000a1500000| PB 0x00000000a1500000| Untracked 
| 534|0x00000000a1600000, 0x00000000a1700000, 0x00000000a1700000|100%| O|  |TAMS 0x00000000a1600000| PB 0x00000000a1600000| Untracked 
| 535|0x00000000a1700000, 0x00000000a1800000, 0x00000000a1800000|100%| O|  |TAMS 0x00000000a1700000| PB 0x00000000a1700000| Untracked 
| 536|0x00000000a1800000, 0x00000000a1900000, 0x00000000a1900000|100%| O|  |TAMS 0x00000000a1800000| PB 0x00000000a1800000| Untracked 
| 537|0x00000000a1900000, 0x00000000a1a00000, 0x00000000a1a00000|100%| O|  |TAMS 0x00000000a1900000| PB 0x00000000a1900000| Untracked 
| 538|0x00000000a1a00000, 0x00000000a1b00000, 0x00000000a1b00000|100%| O|  |TAMS 0x00000000a1a00000| PB 0x00000000a1a00000| Untracked 
| 539|0x00000000a1b00000, 0x00000000a1c00000, 0x00000000a1c00000|100%| O|  |TAMS 0x00000000a1b00000| PB 0x00000000a1b00000| Untracked 
| 540|0x00000000a1c00000, 0x00000000a1d00000, 0x00000000a1d00000|100%| O|  |TAMS 0x00000000a1c00000| PB 0x00000000a1c00000| Untracked 
| 541|0x00000000a1d00000, 0x00000000a1e00000, 0x00000000a1e00000|100%| O|  |TAMS 0x00000000a1d00000| PB 0x00000000a1d00000| Untracked 
| 542|0x00000000a1e00000, 0x00000000a1f00000, 0x00000000a1f00000|100%| O|  |TAMS 0x00000000a1e00000| PB 0x00000000a1e00000| Untracked 
| 543|0x00000000a1f00000, 0x00000000a2000000, 0x00000000a2000000|100%| O|  |TAMS 0x00000000a1f00000| PB 0x00000000a1f00000| Untracked 
| 544|0x00000000a2000000, 0x00000000a2100000, 0x00000000a2100000|100%| O|  |TAMS 0x00000000a2000000| PB 0x00000000a2000000| Untracked 
| 545|0x00000000a2100000, 0x00000000a2200000, 0x00000000a2200000|100%| O|  |TAMS 0x00000000a2100000| PB 0x00000000a2100000| Untracked 
| 546|0x00000000a2200000, 0x00000000a2300000, 0x00000000a2300000|100%| O|  |TAMS 0x00000000a2200000| PB 0x00000000a2200000| Untracked 
| 547|0x00000000a2300000, 0x00000000a2400000, 0x00000000a2400000|100%| O|Cm|TAMS 0x00000000a2300000| PB 0x00000000a2300000| Complete 
| 548|0x00000000a2400000, 0x00000000a2500000, 0x00000000a2500000|100%| O|  |TAMS 0x00000000a2400000| PB 0x00000000a2400000| Untracked 
| 549|0x00000000a2500000, 0x00000000a2600000, 0x00000000a2600000|100%| O|  |TAMS 0x00000000a2500000| PB 0x00000000a2500000| Untracked 
| 550|0x00000000a2600000, 0x00000000a2700000, 0x00000000a2700000|100%| O|Cm|TAMS 0x00000000a2600000| PB 0x00000000a2600000| Complete 
| 551|0x00000000a2700000, 0x00000000a2800000, 0x00000000a2800000|100%| O|  |TAMS 0x00000000a2700000| PB 0x00000000a2700000| Untracked 
| 552|0x00000000a2800000, 0x00000000a2900000, 0x00000000a2900000|100%| O|Cm|TAMS 0x00000000a2800000| PB 0x00000000a2800000| Complete 
| 553|0x00000000a2900000, 0x00000000a2a00000, 0x00000000a2a00000|100%| O|  |TAMS 0x00000000a2900000| PB 0x00000000a2900000| Untracked 
| 554|0x00000000a2a00000, 0x00000000a2b00000, 0x00000000a2b00000|100%| O|Cm|TAMS 0x00000000a2a00000| PB 0x00000000a2a00000| Complete 
| 555|0x00000000a2b00000, 0x00000000a2c00000, 0x00000000a2c00000|100%| O|Cm|TAMS 0x00000000a2b00000| PB 0x00000000a2b00000| Complete 
| 556|0x00000000a2c00000, 0x00000000a2d00000, 0x00000000a2d00000|100%| O|  |TAMS 0x00000000a2c00000| PB 0x00000000a2c00000| Untracked 
| 557|0x00000000a2d00000, 0x00000000a2e00000, 0x00000000a2e00000|100%| O|Cm|TAMS 0x00000000a2d00000| PB 0x00000000a2d00000| Complete 
| 558|0x00000000a2e00000, 0x00000000a2f00000, 0x00000000a2f00000|100%| O|Cm|TAMS 0x00000000a2e00000| PB 0x00000000a2e00000| Complete 
| 559|0x00000000a2f00000, 0x00000000a3000000, 0x00000000a3000000|100%| O|  |TAMS 0x00000000a2f00000| PB 0x00000000a2f00000| Untracked 
| 560|0x00000000a3000000, 0x00000000a3100000, 0x00000000a3100000|100%| O|  |TAMS 0x00000000a3000000| PB 0x00000000a3000000| Untracked 
| 561|0x00000000a3100000, 0x00000000a3200000, 0x00000000a3200000|100%| O|  |TAMS 0x00000000a3100000| PB 0x00000000a3100000| Untracked 
| 562|0x00000000a3200000, 0x00000000a3300000, 0x00000000a3300000|100%| O|Cm|TAMS 0x00000000a3200000| PB 0x00000000a3200000| Complete 
| 563|0x00000000a3300000, 0x00000000a3400000, 0x00000000a3400000|100%| O|Cm|TAMS 0x00000000a3300000| PB 0x00000000a3300000| Complete 
| 564|0x00000000a3400000, 0x00000000a3500000, 0x00000000a3500000|100%| O|Cm|TAMS 0x00000000a3400000| PB 0x00000000a3400000| Complete 
| 565|0x00000000a3500000, 0x00000000a3600000, 0x00000000a3600000|100%| O|Cm|TAMS 0x00000000a3500000| PB 0x00000000a3500000| Complete 
| 566|0x00000000a3600000, 0x00000000a3700000, 0x00000000a3700000|100%| O|  |TAMS 0x00000000a3600000| PB 0x00000000a3600000| Untracked 
| 567|0x00000000a3700000, 0x00000000a3800000, 0x00000000a3800000|100%| O|Cm|TAMS 0x00000000a3700000| PB 0x00000000a3700000| Complete 
| 568|0x00000000a3800000, 0x00000000a3900000, 0x00000000a3900000|100%| O|  |TAMS 0x00000000a3800000| PB 0x00000000a3800000| Untracked 
| 569|0x00000000a3900000, 0x00000000a3a00000, 0x00000000a3a00000|100%| O|  |TAMS 0x00000000a3900000| PB 0x00000000a3900000| Untracked 
| 570|0x00000000a3a00000, 0x00000000a3b00000, 0x00000000a3b00000|100%| O|  |TAMS 0x00000000a3a00000| PB 0x00000000a3a00000| Untracked 
| 571|0x00000000a3b00000, 0x00000000a3c00000, 0x00000000a3c00000|100%| O|  |TAMS 0x00000000a3b00000| PB 0x00000000a3b00000| Untracked 
| 572|0x00000000a3c00000, 0x00000000a3d00000, 0x00000000a3d00000|100%| O|  |TAMS 0x00000000a3c00000| PB 0x00000000a3c00000| Untracked 
| 573|0x00000000a3d00000, 0x00000000a3e00000, 0x00000000a3e00000|100%| O|  |TAMS 0x00000000a3d00000| PB 0x00000000a3d00000| Untracked 
| 574|0x00000000a3e00000, 0x00000000a3f00000, 0x00000000a3f00000|100%| O|  |TAMS 0x00000000a3e00000| PB 0x00000000a3e00000| Untracked 
| 575|0x00000000a3f00000, 0x00000000a4000000, 0x00000000a4000000|100%| O|  |TAMS 0x00000000a3f00000| PB 0x00000000a3f00000| Untracked 
| 576|0x00000000a4000000, 0x00000000a4100000, 0x00000000a4100000|100%| O|  |TAMS 0x00000000a4000000| PB 0x00000000a4000000| Untracked 
| 577|0x00000000a4100000, 0x00000000a4200000, 0x00000000a4200000|100%| O|  |TAMS 0x00000000a4100000| PB 0x00000000a4100000| Untracked 
| 578|0x00000000a4200000, 0x00000000a4300000, 0x00000000a4300000|100%| O|  |TAMS 0x00000000a4200000| PB 0x00000000a4200000| Untracked 
| 579|0x00000000a4300000, 0x00000000a4400000, 0x00000000a4400000|100%|HS|  |TAMS 0x00000000a4300000| PB 0x00000000a4300000| Complete 
| 580|0x00000000a4400000, 0x00000000a4500000, 0x00000000a4500000|100%|HC|  |TAMS 0x00000000a4400000| PB 0x00000000a4400000| Complete 
| 581|0x00000000a4500000, 0x00000000a4500000, 0x00000000a4600000|  0%| F|  |TAMS 0x00000000a4500000| PB 0x00000000a4500000| Untracked 
| 582|0x00000000a4600000, 0x00000000a4600000, 0x00000000a4700000|  0%| F|  |TAMS 0x00000000a4600000| PB 0x00000000a4600000| Untracked 
| 583|0x00000000a4700000, 0x00000000a4700000, 0x00000000a4800000|  0%| F|  |TAMS 0x00000000a4700000| PB 0x00000000a4700000| Untracked 
| 584|0x00000000a4800000, 0x00000000a4800000, 0x00000000a4900000|  0%| F|  |TAMS 0x00000000a4800000| PB 0x00000000a4800000| Untracked 
| 585|0x00000000a4900000, 0x00000000a4900000, 0x00000000a4a00000|  0%| F|  |TAMS 0x00000000a4900000| PB 0x00000000a4900000| Untracked 
| 586|0x00000000a4a00000, 0x00000000a4a00000, 0x00000000a4b00000|  0%| F|  |TAMS 0x00000000a4a00000| PB 0x00000000a4a00000| Untracked 
| 587|0x00000000a4b00000, 0x00000000a4b00000, 0x00000000a4c00000|  0%| F|  |TAMS 0x00000000a4b00000| PB 0x00000000a4b00000| Untracked 
| 588|0x00000000a4c00000, 0x00000000a4c00000, 0x00000000a4d00000|  0%| F|  |TAMS 0x00000000a4c00000| PB 0x00000000a4c00000| Untracked 
| 589|0x00000000a4d00000, 0x00000000a4d00000, 0x00000000a4e00000|  0%| F|  |TAMS 0x00000000a4d00000| PB 0x00000000a4d00000| Untracked 
| 590|0x00000000a4e00000, 0x00000000a4e00000, 0x00000000a4f00000|  0%| F|  |TAMS 0x00000000a4e00000| PB 0x00000000a4e00000| Untracked 
| 591|0x00000000a4f00000, 0x00000000a4f00000, 0x00000000a5000000|  0%| F|  |TAMS 0x00000000a4f00000| PB 0x00000000a4f00000| Untracked 
| 592|0x00000000a5000000, 0x00000000a5000000, 0x00000000a5100000|  0%| F|  |TAMS 0x00000000a5000000| PB 0x00000000a5000000| Untracked 
| 593|0x00000000a5100000, 0x00000000a5100000, 0x00000000a5200000|  0%| F|  |TAMS 0x00000000a5100000| PB 0x00000000a5100000| Untracked 
| 594|0x00000000a5200000, 0x00000000a5200000, 0x00000000a5300000|  0%| F|  |TAMS 0x00000000a5200000| PB 0x00000000a5200000| Untracked 
| 595|0x00000000a5300000, 0x00000000a5300000, 0x00000000a5400000|  0%| F|  |TAMS 0x00000000a5300000| PB 0x00000000a5300000| Untracked 
| 596|0x00000000a5400000, 0x00000000a5400000, 0x00000000a5500000|  0%| F|  |TAMS 0x00000000a5400000| PB 0x00000000a5400000| Untracked 
| 597|0x00000000a5500000, 0x00000000a5500000, 0x00000000a5600000|  0%| F|  |TAMS 0x00000000a5500000| PB 0x00000000a5500000| Untracked 
| 598|0x00000000a5600000, 0x00000000a5700000, 0x00000000a5700000|100%| O|  |TAMS 0x00000000a5600000| PB 0x00000000a5600000| Untracked 
| 599|0x00000000a5700000, 0x00000000a5700000, 0x00000000a5800000|  0%| F|  |TAMS 0x00000000a5700000| PB 0x00000000a5700000| Untracked 
| 600|0x00000000a5800000, 0x00000000a5800000, 0x00000000a5900000|  0%| F|  |TAMS 0x00000000a5800000| PB 0x00000000a5800000| Untracked 
| 601|0x00000000a5900000, 0x00000000a5900000, 0x00000000a5a00000|  0%| F|  |TAMS 0x00000000a5900000| PB 0x00000000a5900000| Untracked 
| 602|0x00000000a5a00000, 0x00000000a5a00000, 0x00000000a5b00000|  0%| F|  |TAMS 0x00000000a5a00000| PB 0x00000000a5a00000| Untracked 
| 603|0x00000000a5b00000, 0x00000000a5b00000, 0x00000000a5c00000|  0%| F|  |TAMS 0x00000000a5b00000| PB 0x00000000a5b00000| Untracked 
| 604|0x00000000a5c00000, 0x00000000a5c00000, 0x00000000a5d00000|  0%| F|  |TAMS 0x00000000a5c00000| PB 0x00000000a5c00000| Untracked 
| 605|0x00000000a5d00000, 0x00000000a5d00000, 0x00000000a5e00000|  0%| F|  |TAMS 0x00000000a5d00000| PB 0x00000000a5d00000| Untracked 
| 606|0x00000000a5e00000, 0x00000000a5e00000, 0x00000000a5f00000|  0%| F|  |TAMS 0x00000000a5e00000| PB 0x00000000a5e00000| Untracked 
| 607|0x00000000a5f00000, 0x00000000a5f00000, 0x00000000a6000000|  0%| F|  |TAMS 0x00000000a5f00000| PB 0x00000000a5f00000| Untracked 
| 608|0x00000000a6000000, 0x00000000a6000000, 0x00000000a6100000|  0%| F|  |TAMS 0x00000000a6000000| PB 0x00000000a6000000| Untracked 
| 609|0x00000000a6100000, 0x00000000a6100000, 0x00000000a6200000|  0%| F|  |TAMS 0x00000000a6100000| PB 0x00000000a6100000| Untracked 
| 610|0x00000000a6200000, 0x00000000a6200000, 0x00000000a6300000|  0%| F|  |TAMS 0x00000000a6200000| PB 0x00000000a6200000| Untracked 
| 611|0x00000000a6300000, 0x00000000a6300000, 0x00000000a6400000|  0%| F|  |TAMS 0x00000000a6300000| PB 0x00000000a6300000| Untracked 
| 612|0x00000000a6400000, 0x00000000a6400000, 0x00000000a6500000|  0%| F|  |TAMS 0x00000000a6400000| PB 0x00000000a6400000| Untracked 
| 613|0x00000000a6500000, 0x00000000a6500000, 0x00000000a6600000|  0%| F|  |TAMS 0x00000000a6500000| PB 0x00000000a6500000| Untracked 
| 614|0x00000000a6600000, 0x00000000a6600000, 0x00000000a6700000|  0%| F|  |TAMS 0x00000000a6600000| PB 0x00000000a6600000| Untracked 
| 615|0x00000000a6700000, 0x00000000a6700000, 0x00000000a6800000|  0%| F|  |TAMS 0x00000000a6700000| PB 0x00000000a6700000| Untracked 
| 616|0x00000000a6800000, 0x00000000a6800000, 0x00000000a6900000|  0%| F|  |TAMS 0x00000000a6800000| PB 0x00000000a6800000| Untracked 
| 617|0x00000000a6900000, 0x00000000a6900000, 0x00000000a6a00000|  0%| F|  |TAMS 0x00000000a6900000| PB 0x00000000a6900000| Untracked 
| 618|0x00000000a6a00000, 0x00000000a6a00000, 0x00000000a6b00000|  0%| F|  |TAMS 0x00000000a6a00000| PB 0x00000000a6a00000| Untracked 
| 619|0x00000000a6b00000, 0x00000000a6b00000, 0x00000000a6c00000|  0%| F|  |TAMS 0x00000000a6b00000| PB 0x00000000a6b00000| Untracked 
| 620|0x00000000a6c00000, 0x00000000a6c00000, 0x00000000a6d00000|  0%| F|  |TAMS 0x00000000a6c00000| PB 0x00000000a6c00000| Untracked 
| 621|0x00000000a6d00000, 0x00000000a6d00000, 0x00000000a6e00000|  0%| F|  |TAMS 0x00000000a6d00000| PB 0x00000000a6d00000| Untracked 
| 622|0x00000000a6e00000, 0x00000000a6e00000, 0x00000000a6f00000|  0%| F|  |TAMS 0x00000000a6e00000| PB 0x00000000a6e00000| Untracked 
| 623|0x00000000a6f00000, 0x00000000a6f00000, 0x00000000a7000000|  0%| F|  |TAMS 0x00000000a6f00000| PB 0x00000000a6f00000| Untracked 
| 624|0x00000000a7000000, 0x00000000a7000000, 0x00000000a7100000|  0%| F|  |TAMS 0x00000000a7000000| PB 0x00000000a7000000| Untracked 
| 625|0x00000000a7100000, 0x00000000a7200000, 0x00000000a7200000|100%| O|Cm|TAMS 0x00000000a7100000| PB 0x00000000a7100000| Complete 
| 626|0x00000000a7200000, 0x00000000a7200000, 0x00000000a7300000|  0%| F|  |TAMS 0x00000000a7200000| PB 0x00000000a7200000| Untracked 
| 627|0x00000000a7300000, 0x00000000a7300000, 0x00000000a7400000|  0%| F|  |TAMS 0x00000000a7300000| PB 0x00000000a7300000| Untracked 
| 628|0x00000000a7400000, 0x00000000a7400000, 0x00000000a7500000|  0%| F|  |TAMS 0x00000000a7400000| PB 0x00000000a7400000| Untracked 
| 629|0x00000000a7500000, 0x00000000a7500000, 0x00000000a7600000|  0%| F|  |TAMS 0x00000000a7500000| PB 0x00000000a7500000| Untracked 
| 630|0x00000000a7600000, 0x00000000a7600000, 0x00000000a7700000|  0%| F|  |TAMS 0x00000000a7600000| PB 0x00000000a7600000| Untracked 
| 631|0x00000000a7700000, 0x00000000a7700000, 0x00000000a7800000|  0%| F|  |TAMS 0x00000000a7700000| PB 0x00000000a7700000| Untracked 
| 632|0x00000000a7800000, 0x00000000a7800000, 0x00000000a7900000|  0%| F|  |TAMS 0x00000000a7800000| PB 0x00000000a7800000| Untracked 
| 633|0x00000000a7900000, 0x00000000a7900000, 0x00000000a7a00000|  0%| F|  |TAMS 0x00000000a7900000| PB 0x00000000a7900000| Untracked 
| 634|0x00000000a7a00000, 0x00000000a7a00000, 0x00000000a7b00000|  0%| F|  |TAMS 0x00000000a7a00000| PB 0x00000000a7a00000| Untracked 
| 635|0x00000000a7b00000, 0x00000000a7b00000, 0x00000000a7c00000|  0%| F|  |TAMS 0x00000000a7b00000| PB 0x00000000a7b00000| Untracked 
| 636|0x00000000a7c00000, 0x00000000a7c00000, 0x00000000a7d00000|  0%| F|  |TAMS 0x00000000a7c00000| PB 0x00000000a7c00000| Untracked 
| 637|0x00000000a7d00000, 0x00000000a7d00000, 0x00000000a7e00000|  0%| F|  |TAMS 0x00000000a7d00000| PB 0x00000000a7d00000| Untracked 
| 638|0x00000000a7e00000, 0x00000000a7e00000, 0x00000000a7f00000|  0%| F|  |TAMS 0x00000000a7e00000| PB 0x00000000a7e00000| Untracked 
| 639|0x00000000a7f00000, 0x00000000a7f00000, 0x00000000a8000000|  0%| F|  |TAMS 0x00000000a7f00000| PB 0x00000000a7f00000| Untracked 
| 640|0x00000000a8000000, 0x00000000a8000000, 0x00000000a8100000|  0%| F|  |TAMS 0x00000000a8000000| PB 0x00000000a8000000| Untracked 
| 641|0x00000000a8100000, 0x00000000a8100000, 0x00000000a8200000|  0%| F|  |TAMS 0x00000000a8100000| PB 0x00000000a8100000| Untracked 
| 642|0x00000000a8200000, 0x00000000a8200000, 0x00000000a8300000|  0%| F|  |TAMS 0x00000000a8200000| PB 0x00000000a8200000| Untracked 
| 643|0x00000000a8300000, 0x00000000a8300000, 0x00000000a8400000|  0%| F|  |TAMS 0x00000000a8300000| PB 0x00000000a8300000| Untracked 
| 644|0x00000000a8400000, 0x00000000a8400000, 0x00000000a8500000|  0%| F|  |TAMS 0x00000000a8400000| PB 0x00000000a8400000| Untracked 
| 645|0x00000000a8500000, 0x00000000a8600000, 0x00000000a8600000|100%| O|Cm|TAMS 0x00000000a8500000| PB 0x00000000a8500000| Complete 
| 646|0x00000000a8600000, 0x00000000a8700000, 0x00000000a8700000|100%|HS|  |TAMS 0x00000000a8600000| PB 0x00000000a8600000| Complete 
| 647|0x00000000a8700000, 0x00000000a8800000, 0x00000000a8800000|100%|HC|  |TAMS 0x00000000a8700000| PB 0x00000000a8700000| Complete 
| 648|0x00000000a8800000, 0x00000000a8900000, 0x00000000a8900000|100%| O|Cm|TAMS 0x00000000a8800000| PB 0x00000000a8800000| Complete 
| 649|0x00000000a8900000, 0x00000000a8a00000, 0x00000000a8a00000|100%| O|Cm|TAMS 0x00000000a8900000| PB 0x00000000a8900000| Complete 
| 650|0x00000000a8a00000, 0x00000000a8a00000, 0x00000000a8b00000|  0%| F|  |TAMS 0x00000000a8a00000| PB 0x00000000a8a00000| Untracked 
| 651|0x00000000a8b00000, 0x00000000a8b00000, 0x00000000a8c00000|  0%| F|  |TAMS 0x00000000a8b00000| PB 0x00000000a8b00000| Untracked 
| 652|0x00000000a8c00000, 0x00000000a8c00000, 0x00000000a8d00000|  0%| F|  |TAMS 0x00000000a8c00000| PB 0x00000000a8c00000| Untracked 
| 653|0x00000000a8d00000, 0x00000000a8d00000, 0x00000000a8e00000|  0%| F|  |TAMS 0x00000000a8d00000| PB 0x00000000a8d00000| Untracked 
| 654|0x00000000a8e00000, 0x00000000a8e00000, 0x00000000a8f00000|  0%| F|  |TAMS 0x00000000a8e00000| PB 0x00000000a8e00000| Untracked 
| 655|0x00000000a8f00000, 0x00000000a8f00000, 0x00000000a9000000|  0%| F|  |TAMS 0x00000000a8f00000| PB 0x00000000a8f00000| Untracked 
| 656|0x00000000a9000000, 0x00000000a9000000, 0x00000000a9100000|  0%| F|  |TAMS 0x00000000a9000000| PB 0x00000000a9000000| Untracked 
| 657|0x00000000a9100000, 0x00000000a9100000, 0x00000000a9200000|  0%| F|  |TAMS 0x00000000a9100000| PB 0x00000000a9100000| Untracked 
| 658|0x00000000a9200000, 0x00000000a9200000, 0x00000000a9300000|  0%| F|  |TAMS 0x00000000a9200000| PB 0x00000000a9200000| Untracked 
| 659|0x00000000a9300000, 0x00000000a9300000, 0x00000000a9400000|  0%| F|  |TAMS 0x00000000a9300000| PB 0x00000000a9300000| Untracked 
| 660|0x00000000a9400000, 0x00000000a9400000, 0x00000000a9500000|  0%| F|  |TAMS 0x00000000a9400000| PB 0x00000000a9400000| Untracked 
| 661|0x00000000a9500000, 0x00000000a9500000, 0x00000000a9600000|  0%| F|  |TAMS 0x00000000a9500000| PB 0x00000000a9500000| Untracked 
| 662|0x00000000a9600000, 0x00000000a9700000, 0x00000000a9700000|100%| O|Cm|TAMS 0x00000000a9600000| PB 0x00000000a9600000| Complete 
| 663|0x00000000a9700000, 0x00000000a9700000, 0x00000000a9800000|  0%| F|  |TAMS 0x00000000a9700000| PB 0x00000000a9700000| Untracked 
| 664|0x00000000a9800000, 0x00000000a9800000, 0x00000000a9900000|  0%| F|  |TAMS 0x00000000a9800000| PB 0x00000000a9800000| Untracked 
| 665|0x00000000a9900000, 0x00000000a9900000, 0x00000000a9a00000|  0%| F|  |TAMS 0x00000000a9900000| PB 0x00000000a9900000| Untracked 
| 666|0x00000000a9a00000, 0x00000000a9a00000, 0x00000000a9b00000|  0%| F|  |TAMS 0x00000000a9a00000| PB 0x00000000a9a00000| Untracked 
| 667|0x00000000a9b00000, 0x00000000a9b00000, 0x00000000a9c00000|  0%| F|  |TAMS 0x00000000a9b00000| PB 0x00000000a9b00000| Untracked 
| 668|0x00000000a9c00000, 0x00000000a9c00000, 0x00000000a9d00000|  0%| F|  |TAMS 0x00000000a9c00000| PB 0x00000000a9c00000| Untracked 
| 669|0x00000000a9d00000, 0x00000000a9d00000, 0x00000000a9e00000|  0%| F|  |TAMS 0x00000000a9d00000| PB 0x00000000a9d00000| Untracked 
| 670|0x00000000a9e00000, 0x00000000a9e00000, 0x00000000a9f00000|  0%| F|  |TAMS 0x00000000a9e00000| PB 0x00000000a9e00000| Untracked 
| 671|0x00000000a9f00000, 0x00000000a9f00000, 0x00000000aa000000|  0%| F|  |TAMS 0x00000000a9f00000| PB 0x00000000a9f00000| Untracked 
| 672|0x00000000aa000000, 0x00000000aa000000, 0x00000000aa100000|  0%| F|  |TAMS 0x00000000aa000000| PB 0x00000000aa000000| Untracked 
| 673|0x00000000aa100000, 0x00000000aa100000, 0x00000000aa200000|  0%| F|  |TAMS 0x00000000aa100000| PB 0x00000000aa100000| Untracked 
| 674|0x00000000aa200000, 0x00000000aa200000, 0x00000000aa300000|  0%| F|  |TAMS 0x00000000aa200000| PB 0x00000000aa200000| Untracked 
| 675|0x00000000aa300000, 0x00000000aa300000, 0x00000000aa400000|  0%| F|  |TAMS 0x00000000aa300000| PB 0x00000000aa300000| Untracked 
| 676|0x00000000aa400000, 0x00000000aa400000, 0x00000000aa500000|  0%| F|  |TAMS 0x00000000aa400000| PB 0x00000000aa400000| Untracked 
| 677|0x00000000aa500000, 0x00000000aa500000, 0x00000000aa600000|  0%| F|  |TAMS 0x00000000aa500000| PB 0x00000000aa500000| Untracked 
| 678|0x00000000aa600000, 0x00000000aa600000, 0x00000000aa700000|  0%| F|  |TAMS 0x00000000aa600000| PB 0x00000000aa600000| Untracked 
| 679|0x00000000aa700000, 0x00000000aa700000, 0x00000000aa800000|  0%| F|  |TAMS 0x00000000aa700000| PB 0x00000000aa700000| Untracked 
| 680|0x00000000aa800000, 0x00000000aa800000, 0x00000000aa900000|  0%| F|  |TAMS 0x00000000aa800000| PB 0x00000000aa800000| Untracked 
| 681|0x00000000aa900000, 0x00000000aaa00000, 0x00000000aaa00000|100%| O|  |TAMS 0x00000000aa900000| PB 0x00000000aa900000| Untracked 
| 682|0x00000000aaa00000, 0x00000000aab00000, 0x00000000aab00000|100%| O|  |TAMS 0x00000000aaa00000| PB 0x00000000aaa00000| Untracked 
| 683|0x00000000aab00000, 0x00000000aab00000, 0x00000000aac00000|  0%| F|  |TAMS 0x00000000aab00000| PB 0x00000000aab00000| Untracked 
| 684|0x00000000aac00000, 0x00000000aad00000, 0x00000000aad00000|100%| O|  |TAMS 0x00000000aac00000| PB 0x00000000aac00000| Untracked 
| 685|0x00000000aad00000, 0x00000000aae00000, 0x00000000aae00000|100%| O|Cm|TAMS 0x00000000aad00000| PB 0x00000000aad00000| Complete 
| 686|0x00000000aae00000, 0x00000000aaf00000, 0x00000000aaf00000|100%| O|Cm|TAMS 0x00000000aae00000| PB 0x00000000aae00000| Complete 
| 687|0x00000000aaf00000, 0x00000000ab000000, 0x00000000ab000000|100%| O|Cm|TAMS 0x00000000aaf00000| PB 0x00000000aaf00000| Complete 
| 688|0x00000000ab000000, 0x00000000ab100000, 0x00000000ab100000|100%| O|Cm|TAMS 0x00000000ab000000| PB 0x00000000ab000000| Complete 
| 689|0x00000000ab100000, 0x00000000ab200000, 0x00000000ab200000|100%| O|Cm|TAMS 0x00000000ab100000| PB 0x00000000ab100000| Complete 
| 690|0x00000000ab200000, 0x00000000ab300000, 0x00000000ab300000|100%| O|  |TAMS 0x00000000ab200000| PB 0x00000000ab200000| Untracked 
| 691|0x00000000ab300000, 0x00000000ab400000, 0x00000000ab400000|100%| O|Cm|TAMS 0x00000000ab300000| PB 0x00000000ab300000| Complete 
| 692|0x00000000ab400000, 0x00000000ab500000, 0x00000000ab500000|100%| O|  |TAMS 0x00000000ab400000| PB 0x00000000ab400000| Untracked 
| 693|0x00000000ab500000, 0x00000000ab600000, 0x00000000ab600000|100%| O|Cm|TAMS 0x00000000ab500000| PB 0x00000000ab500000| Complete 
| 694|0x00000000ab600000, 0x00000000ab600000, 0x00000000ab700000|  0%| F|  |TAMS 0x00000000ab600000| PB 0x00000000ab600000| Untracked 
| 695|0x00000000ab700000, 0x00000000ab700000, 0x00000000ab800000|  0%| F|  |TAMS 0x00000000ab700000| PB 0x00000000ab700000| Untracked 
| 696|0x00000000ab800000, 0x00000000ab800000, 0x00000000ab900000|  0%| F|  |TAMS 0x00000000ab800000| PB 0x00000000ab800000| Untracked 
| 697|0x00000000ab900000, 0x00000000ab900000, 0x00000000aba00000|  0%| F|  |TAMS 0x00000000ab900000| PB 0x00000000ab900000| Untracked 
| 698|0x00000000aba00000, 0x00000000aba00000, 0x00000000abb00000|  0%| F|  |TAMS 0x00000000aba00000| PB 0x00000000aba00000| Untracked 
| 699|0x00000000abb00000, 0x00000000abb00000, 0x00000000abc00000|  0%| F|  |TAMS 0x00000000abb00000| PB 0x00000000abb00000| Untracked 
| 700|0x00000000abc00000, 0x00000000abc00000, 0x00000000abd00000|  0%| F|  |TAMS 0x00000000abc00000| PB 0x00000000abc00000| Untracked 
| 701|0x00000000abd00000, 0x00000000abe00000, 0x00000000abe00000|100%| O|Cm|TAMS 0x00000000abd00000| PB 0x00000000abd00000| Complete 
| 702|0x00000000abe00000, 0x00000000abf00000, 0x00000000abf00000|100%| O|Cm|TAMS 0x00000000abe00000| PB 0x00000000abe00000| Complete 
| 703|0x00000000abf00000, 0x00000000ac000000, 0x00000000ac000000|100%| O|Cm|TAMS 0x00000000abf00000| PB 0x00000000abf00000| Complete 
| 704|0x00000000ac000000, 0x00000000ac100000, 0x00000000ac100000|100%| O|Cm|TAMS 0x00000000ac000000| PB 0x00000000ac000000| Complete 
| 705|0x00000000ac100000, 0x00000000ac200000, 0x00000000ac200000|100%| O|Cm|TAMS 0x00000000ac100000| PB 0x00000000ac100000| Complete 
| 706|0x00000000ac200000, 0x00000000ac300000, 0x00000000ac300000|100%| O|  |TAMS 0x00000000ac200000| PB 0x00000000ac200000| Untracked 
| 707|0x00000000ac300000, 0x00000000ac400000, 0x00000000ac400000|100%| O|Cm|TAMS 0x00000000ac300000| PB 0x00000000ac300000| Complete 
| 708|0x00000000ac400000, 0x00000000ac500000, 0x00000000ac500000|100%| O|Cm|TAMS 0x00000000ac400000| PB 0x00000000ac400000| Complete 
| 709|0x00000000ac500000, 0x00000000ac600000, 0x00000000ac600000|100%| O|Cm|TAMS 0x00000000ac500000| PB 0x00000000ac500000| Complete 
| 710|0x00000000ac600000, 0x00000000ac700000, 0x00000000ac700000|100%| O|Cm|TAMS 0x00000000ac600000| PB 0x00000000ac600000| Complete 
| 711|0x00000000ac700000, 0x00000000ac800000, 0x00000000ac800000|100%| O|Cm|TAMS 0x00000000ac700000| PB 0x00000000ac700000| Complete 
| 712|0x00000000ac800000, 0x00000000ac900000, 0x00000000ac900000|100%| O|Cm|TAMS 0x00000000ac800000| PB 0x00000000ac800000| Complete 
| 713|0x00000000ac900000, 0x00000000aca00000, 0x00000000aca00000|100%| O|Cm|TAMS 0x00000000ac900000| PB 0x00000000ac900000| Complete 
| 714|0x00000000aca00000, 0x00000000acb00000, 0x00000000acb00000|100%| O|  |TAMS 0x00000000aca00000| PB 0x00000000aca00000| Untracked 
| 715|0x00000000acb00000, 0x00000000acc00000, 0x00000000acc00000|100%| O|  |TAMS 0x00000000acb00000| PB 0x00000000acb00000| Untracked 
| 716|0x00000000acc00000, 0x00000000acd00000, 0x00000000acd00000|100%| O|Cm|TAMS 0x00000000acc00000| PB 0x00000000acc00000| Complete 
| 717|0x00000000acd00000, 0x00000000ace00000, 0x00000000ace00000|100%| O|Cm|TAMS 0x00000000acd00000| PB 0x00000000acd00000| Complete 
| 718|0x00000000ace00000, 0x00000000acf00000, 0x00000000acf00000|100%| O|  |TAMS 0x00000000ace00000| PB 0x00000000ace00000| Untracked 
| 719|0x00000000acf00000, 0x00000000ad000000, 0x00000000ad000000|100%| O|  |TAMS 0x00000000acf00000| PB 0x00000000acf00000| Untracked 
| 720|0x00000000ad000000, 0x00000000ad100000, 0x00000000ad100000|100%| O|  |TAMS 0x00000000ad000000| PB 0x00000000ad000000| Untracked 
| 721|0x00000000ad100000, 0x00000000ad200000, 0x00000000ad200000|100%| O|  |TAMS 0x00000000ad100000| PB 0x00000000ad100000| Untracked 
| 722|0x00000000ad200000, 0x00000000ad300000, 0x00000000ad300000|100%| O|  |TAMS 0x00000000ad200000| PB 0x00000000ad200000| Untracked 
| 723|0x00000000ad300000, 0x00000000ad400000, 0x00000000ad400000|100%| O|  |TAMS 0x00000000ad300000| PB 0x00000000ad300000| Untracked 
| 724|0x00000000ad400000, 0x00000000ad500000, 0x00000000ad500000|100%| O|  |TAMS 0x00000000ad400000| PB 0x00000000ad400000| Untracked 
| 725|0x00000000ad500000, 0x00000000ad600000, 0x00000000ad600000|100%| O|  |TAMS 0x00000000ad500000| PB 0x00000000ad500000| Untracked 
| 726|0x00000000ad600000, 0x00000000ad600000, 0x00000000ad700000|  0%| F|  |TAMS 0x00000000ad600000| PB 0x00000000ad600000| Untracked 
| 727|0x00000000ad700000, 0x00000000ad700000, 0x00000000ad800000|  0%| F|  |TAMS 0x00000000ad700000| PB 0x00000000ad700000| Untracked 
| 728|0x00000000ad800000, 0x00000000ad800000, 0x00000000ad900000|  0%| F|  |TAMS 0x00000000ad800000| PB 0x00000000ad800000| Untracked 
| 729|0x00000000ad900000, 0x00000000ad900000, 0x00000000ada00000|  0%| F|  |TAMS 0x00000000ad900000| PB 0x00000000ad900000| Untracked 
| 730|0x00000000ada00000, 0x00000000ada00000, 0x00000000adb00000|  0%| F|  |TAMS 0x00000000ada00000| PB 0x00000000ada00000| Untracked 
| 731|0x00000000adb00000, 0x00000000adb00000, 0x00000000adc00000|  0%| F|  |TAMS 0x00000000adb00000| PB 0x00000000adb00000| Untracked 
| 732|0x00000000adc00000, 0x00000000adc00000, 0x00000000add00000|  0%| F|  |TAMS 0x00000000adc00000| PB 0x00000000adc00000| Untracked 
| 733|0x00000000add00000, 0x00000000add00000, 0x00000000ade00000|  0%| F|  |TAMS 0x00000000add00000| PB 0x00000000add00000| Untracked 
| 734|0x00000000ade00000, 0x00000000ade00000, 0x00000000adf00000|  0%| F|  |TAMS 0x00000000ade00000| PB 0x00000000ade00000| Untracked 
| 735|0x00000000adf00000, 0x00000000adf00000, 0x00000000ae000000|  0%| F|  |TAMS 0x00000000adf00000| PB 0x00000000adf00000| Untracked 
| 736|0x00000000ae000000, 0x00000000ae000000, 0x00000000ae100000|  0%| F|  |TAMS 0x00000000ae000000| PB 0x00000000ae000000| Untracked 
| 737|0x00000000ae100000, 0x00000000ae100000, 0x00000000ae200000|  0%| F|  |TAMS 0x00000000ae100000| PB 0x00000000ae100000| Untracked 
| 738|0x00000000ae200000, 0x00000000ae200000, 0x00000000ae300000|  0%| F|  |TAMS 0x00000000ae200000| PB 0x00000000ae200000| Untracked 
| 739|0x00000000ae300000, 0x00000000ae300000, 0x00000000ae400000|  0%| F|  |TAMS 0x00000000ae300000| PB 0x00000000ae300000| Untracked 
| 740|0x00000000ae400000, 0x00000000ae400000, 0x00000000ae500000|  0%| F|  |TAMS 0x00000000ae400000| PB 0x00000000ae400000| Untracked 
| 741|0x00000000ae500000, 0x00000000ae500000, 0x00000000ae600000|  0%| F|  |TAMS 0x00000000ae500000| PB 0x00000000ae500000| Untracked 
| 742|0x00000000ae600000, 0x00000000ae600000, 0x00000000ae700000|  0%| F|  |TAMS 0x00000000ae600000| PB 0x00000000ae600000| Untracked 
| 743|0x00000000ae700000, 0x00000000ae700000, 0x00000000ae800000|  0%| F|  |TAMS 0x00000000ae700000| PB 0x00000000ae700000| Untracked 
| 744|0x00000000ae800000, 0x00000000ae900000, 0x00000000ae900000|100%| O|  |TAMS 0x00000000ae800000| PB 0x00000000ae800000| Untracked 
| 745|0x00000000ae900000, 0x00000000aea00000, 0x00000000aea00000|100%| O|  |TAMS 0x00000000ae900000| PB 0x00000000ae900000| Untracked 
| 746|0x00000000aea00000, 0x00000000aeb00000, 0x00000000aeb00000|100%| O|  |TAMS 0x00000000aea00000| PB 0x00000000aea00000| Untracked 
| 747|0x00000000aeb00000, 0x00000000aec00000, 0x00000000aec00000|100%| O|Cm|TAMS 0x00000000aeb00000| PB 0x00000000aeb00000| Complete 
| 748|0x00000000aec00000, 0x00000000aed00000, 0x00000000aed00000|100%| O|Cm|TAMS 0x00000000aec00000| PB 0x00000000aec00000| Complete 
| 749|0x00000000aed00000, 0x00000000aee00000, 0x00000000aee00000|100%| O|Cm|TAMS 0x00000000aed00000| PB 0x00000000aed00000| Complete 
| 750|0x00000000aee00000, 0x00000000aef00000, 0x00000000aef00000|100%| O|Cm|TAMS 0x00000000aee00000| PB 0x00000000aee00000| Complete 
| 751|0x00000000aef00000, 0x00000000aef00000, 0x00000000af000000|  0%| F|  |TAMS 0x00000000aef00000| PB 0x00000000aef00000| Untracked 
| 752|0x00000000af000000, 0x00000000af100000, 0x00000000af100000|100%| O|  |TAMS 0x00000000af000000| PB 0x00000000af000000| Untracked 
| 753|0x00000000af100000, 0x00000000af100000, 0x00000000af200000|  0%| F|  |TAMS 0x00000000af100000| PB 0x00000000af100000| Untracked 
| 754|0x00000000af200000, 0x00000000af200000, 0x00000000af300000|  0%| F|  |TAMS 0x00000000af200000| PB 0x00000000af200000| Untracked 
| 755|0x00000000af300000, 0x00000000af300000, 0x00000000af400000|  0%| F|  |TAMS 0x00000000af300000| PB 0x00000000af300000| Untracked 
| 756|0x00000000af400000, 0x00000000af400000, 0x00000000af500000|  0%| F|  |TAMS 0x00000000af400000| PB 0x00000000af400000| Untracked 
| 757|0x00000000af500000, 0x00000000af500000, 0x00000000af600000|  0%| F|  |TAMS 0x00000000af500000| PB 0x00000000af500000| Untracked 
| 758|0x00000000af600000, 0x00000000af600000, 0x00000000af700000|  0%| F|  |TAMS 0x00000000af600000| PB 0x00000000af600000| Untracked 
| 759|0x00000000af700000, 0x00000000af700000, 0x00000000af800000|  0%| F|  |TAMS 0x00000000af700000| PB 0x00000000af700000| Untracked 
| 760|0x00000000af800000, 0x00000000af800000, 0x00000000af900000|  0%| F|  |TAMS 0x00000000af800000| PB 0x00000000af800000| Untracked 
| 761|0x00000000af900000, 0x00000000af900000, 0x00000000afa00000|  0%| F|  |TAMS 0x00000000af900000| PB 0x00000000af900000| Untracked 
| 762|0x00000000afa00000, 0x00000000afa00000, 0x00000000afb00000|  0%| F|  |TAMS 0x00000000afa00000| PB 0x00000000afa00000| Untracked 
| 763|0x00000000afb00000, 0x00000000afb00000, 0x00000000afc00000|  0%| F|  |TAMS 0x00000000afb00000| PB 0x00000000afb00000| Untracked 
| 764|0x00000000afc00000, 0x00000000afc00000, 0x00000000afd00000|  0%| F|  |TAMS 0x00000000afc00000| PB 0x00000000afc00000| Untracked 
| 765|0x00000000afd00000, 0x00000000afd00000, 0x00000000afe00000|  0%| F|  |TAMS 0x00000000afd00000| PB 0x00000000afd00000| Untracked 
| 766|0x00000000afe00000, 0x00000000afe00000, 0x00000000aff00000|  0%| F|  |TAMS 0x00000000afe00000| PB 0x00000000afe00000| Untracked 
| 767|0x00000000aff00000, 0x00000000aff00000, 0x00000000b0000000|  0%| F|  |TAMS 0x00000000aff00000| PB 0x00000000aff00000| Untracked 
| 768|0x00000000b0000000, 0x00000000b0000000, 0x00000000b0100000|  0%| F|  |TAMS 0x00000000b0000000| PB 0x00000000b0000000| Untracked 
| 769|0x00000000b0100000, 0x00000000b0100000, 0x00000000b0200000|  0%| F|  |TAMS 0x00000000b0100000| PB 0x00000000b0100000| Untracked 
| 770|0x00000000b0200000, 0x00000000b0200000, 0x00000000b0300000|  0%| F|  |TAMS 0x00000000b0200000| PB 0x00000000b0200000| Untracked 
| 771|0x00000000b0300000, 0x00000000b0300000, 0x00000000b0400000|  0%| F|  |TAMS 0x00000000b0300000| PB 0x00000000b0300000| Untracked 
| 772|0x00000000b0400000, 0x00000000b0400000, 0x00000000b0500000|  0%| F|  |TAMS 0x00000000b0400000| PB 0x00000000b0400000| Untracked 
| 773|0x00000000b0500000, 0x00000000b0500000, 0x00000000b0600000|  0%| F|  |TAMS 0x00000000b0500000| PB 0x00000000b0500000| Untracked 
| 774|0x00000000b0600000, 0x00000000b0600000, 0x00000000b0700000|  0%| F|  |TAMS 0x00000000b0600000| PB 0x00000000b0600000| Untracked 
| 775|0x00000000b0700000, 0x00000000b0700000, 0x00000000b0800000|  0%| F|  |TAMS 0x00000000b0700000| PB 0x00000000b0700000| Untracked 
| 776|0x00000000b0800000, 0x00000000b0800000, 0x00000000b0900000|  0%| F|  |TAMS 0x00000000b0800000| PB 0x00000000b0800000| Untracked 
| 777|0x00000000b0900000, 0x00000000b0900000, 0x00000000b0a00000|  0%| F|  |TAMS 0x00000000b0900000| PB 0x00000000b0900000| Untracked 
| 778|0x00000000b0a00000, 0x00000000b0a00000, 0x00000000b0b00000|  0%| F|  |TAMS 0x00000000b0a00000| PB 0x00000000b0a00000| Untracked 
| 779|0x00000000b0b00000, 0x00000000b0b00000, 0x00000000b0c00000|  0%| F|  |TAMS 0x00000000b0b00000| PB 0x00000000b0b00000| Untracked 
| 780|0x00000000b0c00000, 0x00000000b0c00000, 0x00000000b0d00000|  0%| F|  |TAMS 0x00000000b0c00000| PB 0x00000000b0c00000| Untracked 
| 781|0x00000000b0d00000, 0x00000000b0d00000, 0x00000000b0e00000|  0%| F|  |TAMS 0x00000000b0d00000| PB 0x00000000b0d00000| Untracked 
| 782|0x00000000b0e00000, 0x00000000b0e00000, 0x00000000b0f00000|  0%| F|  |TAMS 0x00000000b0e00000| PB 0x00000000b0e00000| Untracked 
| 783|0x00000000b0f00000, 0x00000000b0f00000, 0x00000000b1000000|  0%| F|  |TAMS 0x00000000b0f00000| PB 0x00000000b0f00000| Untracked 
| 784|0x00000000b1000000, 0x00000000b1000000, 0x00000000b1100000|  0%| F|  |TAMS 0x00000000b1000000| PB 0x00000000b1000000| Untracked 
| 785|0x00000000b1100000, 0x00000000b1100000, 0x00000000b1200000|  0%| F|  |TAMS 0x00000000b1100000| PB 0x00000000b1100000| Untracked 
| 786|0x00000000b1200000, 0x00000000b1200000, 0x00000000b1300000|  0%| F|  |TAMS 0x00000000b1200000| PB 0x00000000b1200000| Untracked 
| 787|0x00000000b1300000, 0x00000000b1300000, 0x00000000b1400000|  0%| F|  |TAMS 0x00000000b1300000| PB 0x00000000b1300000| Untracked 
| 788|0x00000000b1400000, 0x00000000b1400000, 0x00000000b1500000|  0%| F|  |TAMS 0x00000000b1400000| PB 0x00000000b1400000| Untracked 
| 789|0x00000000b1500000, 0x00000000b1500000, 0x00000000b1600000|  0%| F|  |TAMS 0x00000000b1500000| PB 0x00000000b1500000| Untracked 
| 790|0x00000000b1600000, 0x00000000b1600000, 0x00000000b1700000|  0%| F|  |TAMS 0x00000000b1600000| PB 0x00000000b1600000| Untracked 
| 791|0x00000000b1700000, 0x00000000b1700000, 0x00000000b1800000|  0%| F|  |TAMS 0x00000000b1700000| PB 0x00000000b1700000| Untracked 
| 792|0x00000000b1800000, 0x00000000b1800000, 0x00000000b1900000|  0%| F|  |TAMS 0x00000000b1800000| PB 0x00000000b1800000| Untracked 
| 793|0x00000000b1900000, 0x00000000b1900000, 0x00000000b1a00000|  0%| F|  |TAMS 0x00000000b1900000| PB 0x00000000b1900000| Untracked 
| 794|0x00000000b1a00000, 0x00000000b1a00000, 0x00000000b1b00000|  0%| F|  |TAMS 0x00000000b1a00000| PB 0x00000000b1a00000| Untracked 
| 795|0x00000000b1b00000, 0x00000000b1b00000, 0x00000000b1c00000|  0%| F|  |TAMS 0x00000000b1b00000| PB 0x00000000b1b00000| Untracked 
| 796|0x00000000b1c00000, 0x00000000b1c00000, 0x00000000b1d00000|  0%| F|  |TAMS 0x00000000b1c00000| PB 0x00000000b1c00000| Untracked 
| 797|0x00000000b1d00000, 0x00000000b1d00000, 0x00000000b1e00000|  0%| F|  |TAMS 0x00000000b1d00000| PB 0x00000000b1d00000| Untracked 
| 798|0x00000000b1e00000, 0x00000000b1e00000, 0x00000000b1f00000|  0%| F|  |TAMS 0x00000000b1e00000| PB 0x00000000b1e00000| Untracked 
| 799|0x00000000b1f00000, 0x00000000b1f00000, 0x00000000b2000000|  0%| F|  |TAMS 0x00000000b1f00000| PB 0x00000000b1f00000| Untracked 
| 800|0x00000000b2000000, 0x00000000b2000000, 0x00000000b2100000|  0%| F|  |TAMS 0x00000000b2000000| PB 0x00000000b2000000| Untracked 
| 801|0x00000000b2100000, 0x00000000b2100000, 0x00000000b2200000|  0%| F|  |TAMS 0x00000000b2100000| PB 0x00000000b2100000| Untracked 
| 802|0x00000000b2200000, 0x00000000b2200000, 0x00000000b2300000|  0%| F|  |TAMS 0x00000000b2200000| PB 0x00000000b2200000| Untracked 
| 803|0x00000000b2300000, 0x00000000b2300000, 0x00000000b2400000|  0%| F|  |TAMS 0x00000000b2300000| PB 0x00000000b2300000| Untracked 
| 804|0x00000000b2400000, 0x00000000b2400000, 0x00000000b2500000|  0%| F|  |TAMS 0x00000000b2400000| PB 0x00000000b2400000| Untracked 
| 805|0x00000000b2500000, 0x00000000b2500000, 0x00000000b2600000|  0%| F|  |TAMS 0x00000000b2500000| PB 0x00000000b2500000| Untracked 
| 806|0x00000000b2600000, 0x00000000b2600000, 0x00000000b2700000|  0%| F|  |TAMS 0x00000000b2600000| PB 0x00000000b2600000| Untracked 
| 807|0x00000000b2700000, 0x00000000b2700000, 0x00000000b2800000|  0%| F|  |TAMS 0x00000000b2700000| PB 0x00000000b2700000| Untracked 
| 808|0x00000000b2800000, 0x00000000b2800000, 0x00000000b2900000|  0%| F|  |TAMS 0x00000000b2800000| PB 0x00000000b2800000| Untracked 
| 809|0x00000000b2900000, 0x00000000b2900000, 0x00000000b2a00000|  0%| F|  |TAMS 0x00000000b2900000| PB 0x00000000b2900000| Untracked 
| 810|0x00000000b2a00000, 0x00000000b2a00000, 0x00000000b2b00000|  0%| F|  |TAMS 0x00000000b2a00000| PB 0x00000000b2a00000| Untracked 
| 811|0x00000000b2b00000, 0x00000000b2b00000, 0x00000000b2c00000|  0%| F|  |TAMS 0x00000000b2b00000| PB 0x00000000b2b00000| Untracked 
| 812|0x00000000b2c00000, 0x00000000b2c00000, 0x00000000b2d00000|  0%| F|  |TAMS 0x00000000b2c00000| PB 0x00000000b2c00000| Untracked 
| 813|0x00000000b2d00000, 0x00000000b2d00000, 0x00000000b2e00000|  0%| F|  |TAMS 0x00000000b2d00000| PB 0x00000000b2d00000| Untracked 
| 814|0x00000000b2e00000, 0x00000000b2e00000, 0x00000000b2f00000|  0%| F|  |TAMS 0x00000000b2e00000| PB 0x00000000b2e00000| Untracked 
| 815|0x00000000b2f00000, 0x00000000b2f00000, 0x00000000b3000000|  0%| F|  |TAMS 0x00000000b2f00000| PB 0x00000000b2f00000| Untracked 
| 816|0x00000000b3000000, 0x00000000b3000000, 0x00000000b3100000|  0%| F|  |TAMS 0x00000000b3000000| PB 0x00000000b3000000| Untracked 
| 817|0x00000000b3100000, 0x00000000b3100000, 0x00000000b3200000|  0%| F|  |TAMS 0x00000000b3100000| PB 0x00000000b3100000| Untracked 
| 818|0x00000000b3200000, 0x00000000b3200000, 0x00000000b3300000|  0%| F|  |TAMS 0x00000000b3200000| PB 0x00000000b3200000| Untracked 
| 819|0x00000000b3300000, 0x00000000b3300000, 0x00000000b3400000|  0%| F|  |TAMS 0x00000000b3300000| PB 0x00000000b3300000| Untracked 
| 820|0x00000000b3400000, 0x00000000b3400000, 0x00000000b3500000|  0%| F|  |TAMS 0x00000000b3400000| PB 0x00000000b3400000| Untracked 
| 821|0x00000000b3500000, 0x00000000b3500000, 0x00000000b3600000|  0%| F|  |TAMS 0x00000000b3500000| PB 0x00000000b3500000| Untracked 
| 822|0x00000000b3600000, 0x00000000b3600000, 0x00000000b3700000|  0%| F|  |TAMS 0x00000000b3600000| PB 0x00000000b3600000| Untracked 
| 823|0x00000000b3700000, 0x00000000b3700000, 0x00000000b3800000|  0%| F|  |TAMS 0x00000000b3700000| PB 0x00000000b3700000| Untracked 
| 824|0x00000000b3800000, 0x00000000b3800000, 0x00000000b3900000|  0%| F|  |TAMS 0x00000000b3800000| PB 0x00000000b3800000| Untracked 
| 825|0x00000000b3900000, 0x00000000b3900000, 0x00000000b3a00000|  0%| F|  |TAMS 0x00000000b3900000| PB 0x00000000b3900000| Untracked 
| 826|0x00000000b3a00000, 0x00000000b3a00000, 0x00000000b3b00000|  0%| F|  |TAMS 0x00000000b3a00000| PB 0x00000000b3a00000| Untracked 
| 827|0x00000000b3b00000, 0x00000000b3b00000, 0x00000000b3c00000|  0%| F|  |TAMS 0x00000000b3b00000| PB 0x00000000b3b00000| Untracked 
| 828|0x00000000b3c00000, 0x00000000b3c00000, 0x00000000b3d00000|  0%| F|  |TAMS 0x00000000b3c00000| PB 0x00000000b3c00000| Untracked 
| 829|0x00000000b3d00000, 0x00000000b3d00000, 0x00000000b3e00000|  0%| F|  |TAMS 0x00000000b3d00000| PB 0x00000000b3d00000| Untracked 
| 830|0x00000000b3e00000, 0x00000000b3e00000, 0x00000000b3f00000|  0%| F|  |TAMS 0x00000000b3e00000| PB 0x00000000b3e00000| Untracked 
| 831|0x00000000b3f00000, 0x00000000b3f00000, 0x00000000b4000000|  0%| F|  |TAMS 0x00000000b3f00000| PB 0x00000000b3f00000| Untracked 
| 832|0x00000000b4000000, 0x00000000b4000000, 0x00000000b4100000|  0%| F|  |TAMS 0x00000000b4000000| PB 0x00000000b4000000| Untracked 
| 833|0x00000000b4100000, 0x00000000b4100000, 0x00000000b4200000|  0%| F|  |TAMS 0x00000000b4100000| PB 0x00000000b4100000| Untracked 
| 834|0x00000000b4200000, 0x00000000b4200000, 0x00000000b4300000|  0%| F|  |TAMS 0x00000000b4200000| PB 0x00000000b4200000| Untracked 
| 835|0x00000000b4300000, 0x00000000b4300000, 0x00000000b4400000|  0%| F|  |TAMS 0x00000000b4300000| PB 0x00000000b4300000| Untracked 
| 836|0x00000000b4400000, 0x00000000b4400000, 0x00000000b4500000|  0%| F|  |TAMS 0x00000000b4400000| PB 0x00000000b4400000| Untracked 
| 837|0x00000000b4500000, 0x00000000b4500000, 0x00000000b4600000|  0%| F|  |TAMS 0x00000000b4500000| PB 0x00000000b4500000| Untracked 
| 838|0x00000000b4600000, 0x00000000b4600000, 0x00000000b4700000|  0%| F|  |TAMS 0x00000000b4600000| PB 0x00000000b4600000| Untracked 
| 839|0x00000000b4700000, 0x00000000b4700000, 0x00000000b4800000|  0%| F|  |TAMS 0x00000000b4700000| PB 0x00000000b4700000| Untracked 
| 840|0x00000000b4800000, 0x00000000b4800000, 0x00000000b4900000|  0%| F|  |TAMS 0x00000000b4800000| PB 0x00000000b4800000| Untracked 
| 841|0x00000000b4900000, 0x00000000b4900000, 0x00000000b4a00000|  0%| F|  |TAMS 0x00000000b4900000| PB 0x00000000b4900000| Untracked 
| 842|0x00000000b4a00000, 0x00000000b4a00000, 0x00000000b4b00000|  0%| F|  |TAMS 0x00000000b4a00000| PB 0x00000000b4a00000| Untracked 
| 843|0x00000000b4b00000, 0x00000000b4b00000, 0x00000000b4c00000|  0%| F|  |TAMS 0x00000000b4b00000| PB 0x00000000b4b00000| Untracked 
| 844|0x00000000b4c00000, 0x00000000b4c00000, 0x00000000b4d00000|  0%| F|  |TAMS 0x00000000b4c00000| PB 0x00000000b4c00000| Untracked 
| 845|0x00000000b4d00000, 0x00000000b4d00000, 0x00000000b4e00000|  0%| F|  |TAMS 0x00000000b4d00000| PB 0x00000000b4d00000| Untracked 
| 846|0x00000000b4e00000, 0x00000000b4e00000, 0x00000000b4f00000|  0%| F|  |TAMS 0x00000000b4e00000| PB 0x00000000b4e00000| Untracked 
| 847|0x00000000b4f00000, 0x00000000b4f00000, 0x00000000b5000000|  0%| F|  |TAMS 0x00000000b4f00000| PB 0x00000000b4f00000| Untracked 
| 848|0x00000000b5000000, 0x00000000b5000000, 0x00000000b5100000|  0%| F|  |TAMS 0x00000000b5000000| PB 0x00000000b5000000| Untracked 
| 849|0x00000000b5100000, 0x00000000b5100000, 0x00000000b5200000|  0%| F|  |TAMS 0x00000000b5100000| PB 0x00000000b5100000| Untracked 
| 850|0x00000000b5200000, 0x00000000b5200000, 0x00000000b5300000|  0%| F|  |TAMS 0x00000000b5200000| PB 0x00000000b5200000| Untracked 
| 851|0x00000000b5300000, 0x00000000b5300000, 0x00000000b5400000|  0%| F|  |TAMS 0x00000000b5300000| PB 0x00000000b5300000| Untracked 
| 852|0x00000000b5400000, 0x00000000b5400000, 0x00000000b5500000|  0%| F|  |TAMS 0x00000000b5400000| PB 0x00000000b5400000| Untracked 
| 853|0x00000000b5500000, 0x00000000b5500000, 0x00000000b5600000|  0%| F|  |TAMS 0x00000000b5500000| PB 0x00000000b5500000| Untracked 
| 854|0x00000000b5600000, 0x00000000b5600000, 0x00000000b5700000|  0%| F|  |TAMS 0x00000000b5600000| PB 0x00000000b5600000| Untracked 
| 855|0x00000000b5700000, 0x00000000b5700000, 0x00000000b5800000|  0%| F|  |TAMS 0x00000000b5700000| PB 0x00000000b5700000| Untracked 
| 856|0x00000000b5800000, 0x00000000b5800000, 0x00000000b5900000|  0%| F|  |TAMS 0x00000000b5800000| PB 0x00000000b5800000| Untracked 
| 857|0x00000000b5900000, 0x00000000b5900000, 0x00000000b5a00000|  0%| F|  |TAMS 0x00000000b5900000| PB 0x00000000b5900000| Untracked 
| 858|0x00000000b5a00000, 0x00000000b5a00000, 0x00000000b5b00000|  0%| F|  |TAMS 0x00000000b5a00000| PB 0x00000000b5a00000| Untracked 
| 859|0x00000000b5b00000, 0x00000000b5b00000, 0x00000000b5c00000|  0%| F|  |TAMS 0x00000000b5b00000| PB 0x00000000b5b00000| Untracked 
| 860|0x00000000b5c00000, 0x00000000b5c00000, 0x00000000b5d00000|  0%| F|  |TAMS 0x00000000b5c00000| PB 0x00000000b5c00000| Untracked 
| 861|0x00000000b5d00000, 0x00000000b5d00000, 0x00000000b5e00000|  0%| F|  |TAMS 0x00000000b5d00000| PB 0x00000000b5d00000| Untracked 
| 862|0x00000000b5e00000, 0x00000000b5e00000, 0x00000000b5f00000|  0%| F|  |TAMS 0x00000000b5e00000| PB 0x00000000b5e00000| Untracked 
| 863|0x00000000b5f00000, 0x00000000b5f00000, 0x00000000b6000000|  0%| F|  |TAMS 0x00000000b5f00000| PB 0x00000000b5f00000| Untracked 
| 864|0x00000000b6000000, 0x00000000b6000000, 0x00000000b6100000|  0%| F|  |TAMS 0x00000000b6000000| PB 0x00000000b6000000| Untracked 
| 865|0x00000000b6100000, 0x00000000b6100000, 0x00000000b6200000|  0%| F|  |TAMS 0x00000000b6100000| PB 0x00000000b6100000| Untracked 
| 866|0x00000000b6200000, 0x00000000b6200000, 0x00000000b6300000|  0%| F|  |TAMS 0x00000000b6200000| PB 0x00000000b6200000| Untracked 
| 867|0x00000000b6300000, 0x00000000b6300000, 0x00000000b6400000|  0%| F|  |TAMS 0x00000000b6300000| PB 0x00000000b6300000| Untracked 
| 868|0x00000000b6400000, 0x00000000b6400000, 0x00000000b6500000|  0%| F|  |TAMS 0x00000000b6400000| PB 0x00000000b6400000| Untracked 
| 869|0x00000000b6500000, 0x00000000b6500000, 0x00000000b6600000|  0%| F|  |TAMS 0x00000000b6500000| PB 0x00000000b6500000| Untracked 
| 870|0x00000000b6600000, 0x00000000b6600000, 0x00000000b6700000|  0%| F|  |TAMS 0x00000000b6600000| PB 0x00000000b6600000| Untracked 
| 871|0x00000000b6700000, 0x00000000b6700000, 0x00000000b6800000|  0%| F|  |TAMS 0x00000000b6700000| PB 0x00000000b6700000| Untracked 
| 872|0x00000000b6800000, 0x00000000b6800000, 0x00000000b6900000|  0%| F|  |TAMS 0x00000000b6800000| PB 0x00000000b6800000| Untracked 
| 873|0x00000000b6900000, 0x00000000b6900000, 0x00000000b6a00000|  0%| F|  |TAMS 0x00000000b6900000| PB 0x00000000b6900000| Untracked 
| 874|0x00000000b6a00000, 0x00000000b6a00000, 0x00000000b6b00000|  0%| F|  |TAMS 0x00000000b6a00000| PB 0x00000000b6a00000| Untracked 
| 875|0x00000000b6b00000, 0x00000000b6b00000, 0x00000000b6c00000|  0%| F|  |TAMS 0x00000000b6b00000| PB 0x00000000b6b00000| Untracked 
| 876|0x00000000b6c00000, 0x00000000b6c00000, 0x00000000b6d00000|  0%| F|  |TAMS 0x00000000b6c00000| PB 0x00000000b6c00000| Untracked 
| 877|0x00000000b6d00000, 0x00000000b6d00000, 0x00000000b6e00000|  0%| F|  |TAMS 0x00000000b6d00000| PB 0x00000000b6d00000| Untracked 
| 878|0x00000000b6e00000, 0x00000000b6e00000, 0x00000000b6f00000|  0%| F|  |TAMS 0x00000000b6e00000| PB 0x00000000b6e00000| Untracked 
| 879|0x00000000b6f00000, 0x00000000b6f00000, 0x00000000b7000000|  0%| F|  |TAMS 0x00000000b6f00000| PB 0x00000000b6f00000| Untracked 
| 880|0x00000000b7000000, 0x00000000b7000000, 0x00000000b7100000|  0%| F|  |TAMS 0x00000000b7000000| PB 0x00000000b7000000| Untracked 
| 881|0x00000000b7100000, 0x00000000b7100000, 0x00000000b7200000|  0%| F|  |TAMS 0x00000000b7100000| PB 0x00000000b7100000| Untracked 
| 882|0x00000000b7200000, 0x00000000b7200000, 0x00000000b7300000|  0%| F|  |TAMS 0x00000000b7200000| PB 0x00000000b7200000| Untracked 
| 883|0x00000000b7300000, 0x00000000b7300000, 0x00000000b7400000|  0%| F|  |TAMS 0x00000000b7300000| PB 0x00000000b7300000| Untracked 
| 884|0x00000000b7400000, 0x00000000b7400000, 0x00000000b7500000|  0%| F|  |TAMS 0x00000000b7400000| PB 0x00000000b7400000| Untracked 
| 885|0x00000000b7500000, 0x00000000b7500000, 0x00000000b7600000|  0%| F|  |TAMS 0x00000000b7500000| PB 0x00000000b7500000| Untracked 
| 886|0x00000000b7600000, 0x00000000b7600000, 0x00000000b7700000|  0%| F|  |TAMS 0x00000000b7600000| PB 0x00000000b7600000| Untracked 
| 887|0x00000000b7700000, 0x00000000b7700000, 0x00000000b7800000|  0%| F|  |TAMS 0x00000000b7700000| PB 0x00000000b7700000| Untracked 
| 888|0x00000000b7800000, 0x00000000b7800000, 0x00000000b7900000|  0%| F|  |TAMS 0x00000000b7800000| PB 0x00000000b7800000| Untracked 
| 889|0x00000000b7900000, 0x00000000b7900000, 0x00000000b7a00000|  0%| F|  |TAMS 0x00000000b7900000| PB 0x00000000b7900000| Untracked 
| 890|0x00000000b7a00000, 0x00000000b7a00000, 0x00000000b7b00000|  0%| F|  |TAMS 0x00000000b7a00000| PB 0x00000000b7a00000| Untracked 
| 891|0x00000000b7b00000, 0x00000000b7b00000, 0x00000000b7c00000|  0%| F|  |TAMS 0x00000000b7b00000| PB 0x00000000b7b00000| Untracked 
| 892|0x00000000b7c00000, 0x00000000b7c00000, 0x00000000b7d00000|  0%| F|  |TAMS 0x00000000b7c00000| PB 0x00000000b7c00000| Untracked 
| 893|0x00000000b7d00000, 0x00000000b7d00000, 0x00000000b7e00000|  0%| F|  |TAMS 0x00000000b7d00000| PB 0x00000000b7d00000| Untracked 
| 894|0x00000000b7e00000, 0x00000000b7e00000, 0x00000000b7f00000|  0%| F|  |TAMS 0x00000000b7e00000| PB 0x00000000b7e00000| Untracked 
| 895|0x00000000b7f00000, 0x00000000b7f00000, 0x00000000b8000000|  0%| F|  |TAMS 0x00000000b7f00000| PB 0x00000000b7f00000| Untracked 
| 896|0x00000000b8000000, 0x00000000b8000000, 0x00000000b8100000|  0%| F|  |TAMS 0x00000000b8000000| PB 0x00000000b8000000| Untracked 
| 897|0x00000000b8100000, 0x00000000b8100000, 0x00000000b8200000|  0%| F|  |TAMS 0x00000000b8100000| PB 0x00000000b8100000| Untracked 
| 898|0x00000000b8200000, 0x00000000b8200000, 0x00000000b8300000|  0%| F|  |TAMS 0x00000000b8200000| PB 0x00000000b8200000| Untracked 
| 899|0x00000000b8300000, 0x00000000b8300000, 0x00000000b8400000|  0%| F|  |TAMS 0x00000000b8300000| PB 0x00000000b8300000| Untracked 
| 900|0x00000000b8400000, 0x00000000b8400000, 0x00000000b8500000|  0%| F|  |TAMS 0x00000000b8400000| PB 0x00000000b8400000| Untracked 
| 901|0x00000000b8500000, 0x00000000b8500000, 0x00000000b8600000|  0%| F|  |TAMS 0x00000000b8500000| PB 0x00000000b8500000| Untracked 
| 902|0x00000000b8600000, 0x00000000b8600000, 0x00000000b8700000|  0%| F|  |TAMS 0x00000000b8600000| PB 0x00000000b8600000| Untracked 
| 903|0x00000000b8700000, 0x00000000b8700000, 0x00000000b8800000|  0%| F|  |TAMS 0x00000000b8700000| PB 0x00000000b8700000| Untracked 
| 904|0x00000000b8800000, 0x00000000b8800000, 0x00000000b8900000|  0%| F|  |TAMS 0x00000000b8800000| PB 0x00000000b8800000| Untracked 
| 905|0x00000000b8900000, 0x00000000b8900000, 0x00000000b8a00000|  0%| F|  |TAMS 0x00000000b8900000| PB 0x00000000b8900000| Untracked 
| 906|0x00000000b8a00000, 0x00000000b8a00000, 0x00000000b8b00000|  0%| F|  |TAMS 0x00000000b8a00000| PB 0x00000000b8a00000| Untracked 
| 907|0x00000000b8b00000, 0x00000000b8b00000, 0x00000000b8c00000|  0%| F|  |TAMS 0x00000000b8b00000| PB 0x00000000b8b00000| Untracked 
| 908|0x00000000b8c00000, 0x00000000b8c00000, 0x00000000b8d00000|  0%| F|  |TAMS 0x00000000b8c00000| PB 0x00000000b8c00000| Untracked 
| 909|0x00000000b8d00000, 0x00000000b8d00000, 0x00000000b8e00000|  0%| F|  |TAMS 0x00000000b8d00000| PB 0x00000000b8d00000| Untracked 
| 910|0x00000000b8e00000, 0x00000000b8e00000, 0x00000000b8f00000|  0%| F|  |TAMS 0x00000000b8e00000| PB 0x00000000b8e00000| Untracked 
| 911|0x00000000b8f00000, 0x00000000b8f00000, 0x00000000b9000000|  0%| F|  |TAMS 0x00000000b8f00000| PB 0x00000000b8f00000| Untracked 
| 912|0x00000000b9000000, 0x00000000b9000000, 0x00000000b9100000|  0%| F|  |TAMS 0x00000000b9000000| PB 0x00000000b9000000| Untracked 
| 913|0x00000000b9100000, 0x00000000b9100000, 0x00000000b9200000|  0%| F|  |TAMS 0x00000000b9100000| PB 0x00000000b9100000| Untracked 
|1871|0x00000000f4f00000, 0x00000000f4f00000, 0x00000000f5000000|  0%| F|  |TAMS 0x00000000f4f00000| PB 0x00000000f4f00000| Untracked 
|1872|0x00000000f5000000, 0x00000000f5000000, 0x00000000f5100000|  0%| F|  |TAMS 0x00000000f5000000| PB 0x00000000f5000000| Untracked 
|1873|0x00000000f5100000, 0x00000000f5100000, 0x00000000f5200000|  0%| F|  |TAMS 0x00000000f5100000| PB 0x00000000f5100000| Untracked 
|1874|0x00000000f5200000, 0x00000000f5200000, 0x00000000f5300000|  0%| F|  |TAMS 0x00000000f5200000| PB 0x00000000f5200000| Untracked 
|1875|0x00000000f5300000, 0x00000000f5300000, 0x00000000f5400000|  0%| F|  |TAMS 0x00000000f5300000| PB 0x00000000f5300000| Untracked 
|1876|0x00000000f5400000, 0x00000000f5400000, 0x00000000f5500000|  0%| F|  |TAMS 0x00000000f5400000| PB 0x00000000f5400000| Untracked 
|1877|0x00000000f5500000, 0x00000000f5500000, 0x00000000f5600000|  0%| F|  |TAMS 0x00000000f5500000| PB 0x00000000f5500000| Untracked 
|1878|0x00000000f5600000, 0x00000000f5600000, 0x00000000f5700000|  0%| F|  |TAMS 0x00000000f5600000| PB 0x00000000f5600000| Untracked 
|1879|0x00000000f5700000, 0x00000000f5700000, 0x00000000f5800000|  0%| F|  |TAMS 0x00000000f5700000| PB 0x00000000f5700000| Untracked 
|1880|0x00000000f5800000, 0x00000000f5800000, 0x00000000f5900000|  0%| F|  |TAMS 0x00000000f5800000| PB 0x00000000f5800000| Untracked 
|1881|0x00000000f5900000, 0x00000000f5900000, 0x00000000f5a00000|  0%| F|  |TAMS 0x00000000f5900000| PB 0x00000000f5900000| Untracked 
|1882|0x00000000f5a00000, 0x00000000f5a00000, 0x00000000f5b00000|  0%| F|  |TAMS 0x00000000f5a00000| PB 0x00000000f5a00000| Untracked 
|1883|0x00000000f5b00000, 0x00000000f5b00000, 0x00000000f5c00000|  0%| F|  |TAMS 0x00000000f5b00000| PB 0x00000000f5b00000| Untracked 
|1884|0x00000000f5c00000, 0x00000000f5c00000, 0x00000000f5d00000|  0%| F|  |TAMS 0x00000000f5c00000| PB 0x00000000f5c00000| Untracked 
|1885|0x00000000f5d00000, 0x00000000f5d00000, 0x00000000f5e00000|  0%| F|  |TAMS 0x00000000f5d00000| PB 0x00000000f5d00000| Untracked 
|1886|0x00000000f5e00000, 0x00000000f5e00000, 0x00000000f5f00000|  0%| F|  |TAMS 0x00000000f5e00000| PB 0x00000000f5e00000| Untracked 
|1887|0x00000000f5f00000, 0x00000000f5f00000, 0x00000000f6000000|  0%| F|  |TAMS 0x00000000f5f00000| PB 0x00000000f5f00000| Untracked 
|1888|0x00000000f6000000, 0x00000000f6000000, 0x00000000f6100000|  0%| F|  |TAMS 0x00000000f6000000| PB 0x00000000f6000000| Untracked 
|1889|0x00000000f6100000, 0x00000000f6100000, 0x00000000f6200000|  0%| F|  |TAMS 0x00000000f6100000| PB 0x00000000f6100000| Untracked 
|1890|0x00000000f6200000, 0x00000000f6200000, 0x00000000f6300000|  0%| F|  |TAMS 0x00000000f6200000| PB 0x00000000f6200000| Untracked 
|1891|0x00000000f6300000, 0x00000000f6300000, 0x00000000f6400000|  0%| F|  |TAMS 0x00000000f6300000| PB 0x00000000f6300000| Untracked 
|1892|0x00000000f6400000, 0x00000000f6400000, 0x00000000f6500000|  0%| F|  |TAMS 0x00000000f6400000| PB 0x00000000f6400000| Untracked 
|1893|0x00000000f6500000, 0x00000000f6500000, 0x00000000f6600000|  0%| F|  |TAMS 0x00000000f6500000| PB 0x00000000f6500000| Untracked 
|1894|0x00000000f6600000, 0x00000000f6600000, 0x00000000f6700000|  0%| F|  |TAMS 0x00000000f6600000| PB 0x00000000f6600000| Untracked 
|1895|0x00000000f6700000, 0x00000000f6700000, 0x00000000f6800000|  0%| F|  |TAMS 0x00000000f6700000| PB 0x00000000f6700000| Untracked 
|1896|0x00000000f6800000, 0x00000000f6800000, 0x00000000f6900000|  0%| F|  |TAMS 0x00000000f6800000| PB 0x00000000f6800000| Untracked 
|1897|0x00000000f6900000, 0x00000000f6900000, 0x00000000f6a00000|  0%| F|  |TAMS 0x00000000f6900000| PB 0x00000000f6900000| Untracked 
|1898|0x00000000f6a00000, 0x00000000f6a00000, 0x00000000f6b00000|  0%| F|  |TAMS 0x00000000f6a00000| PB 0x00000000f6a00000| Untracked 
|1899|0x00000000f6b00000, 0x00000000f6b00000, 0x00000000f6c00000|  0%| F|  |TAMS 0x00000000f6b00000| PB 0x00000000f6b00000| Untracked 
|1900|0x00000000f6c00000, 0x00000000f6c00000, 0x00000000f6d00000|  0%| F|  |TAMS 0x00000000f6c00000| PB 0x00000000f6c00000| Untracked 
|1901|0x00000000f6d00000, 0x00000000f6d00000, 0x00000000f6e00000|  0%| F|  |TAMS 0x00000000f6d00000| PB 0x00000000f6d00000| Untracked 
|1902|0x00000000f6e00000, 0x00000000f6e00000, 0x00000000f6f00000|  0%| F|  |TAMS 0x00000000f6e00000| PB 0x00000000f6e00000| Untracked 
|1903|0x00000000f6f00000, 0x00000000f6f00000, 0x00000000f7000000|  0%| F|  |TAMS 0x00000000f6f00000| PB 0x00000000f6f00000| Untracked 
|1904|0x00000000f7000000, 0x00000000f7000000, 0x00000000f7100000|  0%| F|  |TAMS 0x00000000f7000000| PB 0x00000000f7000000| Untracked 
|1905|0x00000000f7100000, 0x00000000f7100000, 0x00000000f7200000|  0%| F|  |TAMS 0x00000000f7100000| PB 0x00000000f7100000| Untracked 
|1906|0x00000000f7200000, 0x00000000f7200000, 0x00000000f7300000|  0%| F|  |TAMS 0x00000000f7200000| PB 0x00000000f7200000| Untracked 
|1907|0x00000000f7300000, 0x00000000f7300000, 0x00000000f7400000|  0%| F|  |TAMS 0x00000000f7300000| PB 0x00000000f7300000| Untracked 
|1908|0x00000000f7400000, 0x00000000f7400000, 0x00000000f7500000|  0%| F|  |TAMS 0x00000000f7400000| PB 0x00000000f7400000| Untracked 
|1909|0x00000000f7500000, 0x00000000f7500000, 0x00000000f7600000|  0%| F|  |TAMS 0x00000000f7500000| PB 0x00000000f7500000| Untracked 
|1910|0x00000000f7600000, 0x00000000f7600000, 0x00000000f7700000|  0%| F|  |TAMS 0x00000000f7600000| PB 0x00000000f7600000| Untracked 
|1911|0x00000000f7700000, 0x00000000f7700000, 0x00000000f7800000|  0%| F|  |TAMS 0x00000000f7700000| PB 0x00000000f7700000| Untracked 
|1912|0x00000000f7800000, 0x00000000f7800000, 0x00000000f7900000|  0%| F|  |TAMS 0x00000000f7800000| PB 0x00000000f7800000| Untracked 
|1913|0x00000000f7900000, 0x00000000f7900000, 0x00000000f7a00000|  0%| F|  |TAMS 0x00000000f7900000| PB 0x00000000f7900000| Untracked 
|1914|0x00000000f7a00000, 0x00000000f7a00000, 0x00000000f7b00000|  0%| F|  |TAMS 0x00000000f7a00000| PB 0x00000000f7a00000| Untracked 
|1915|0x00000000f7b00000, 0x00000000f7b00000, 0x00000000f7c00000|  0%| F|  |TAMS 0x00000000f7b00000| PB 0x00000000f7b00000| Untracked 
|1916|0x00000000f7c00000, 0x00000000f7c00000, 0x00000000f7d00000|  0%| F|  |TAMS 0x00000000f7c00000| PB 0x00000000f7c00000| Untracked 
|1917|0x00000000f7d00000, 0x00000000f7d00000, 0x00000000f7e00000|  0%| F|  |TAMS 0x00000000f7d00000| PB 0x00000000f7d00000| Untracked 
|1918|0x00000000f7e00000, 0x00000000f7e00000, 0x00000000f7f00000|  0%| F|  |TAMS 0x00000000f7e00000| PB 0x00000000f7e00000| Untracked 
|1919|0x00000000f7f00000, 0x00000000f7f00000, 0x00000000f8000000|  0%| F|  |TAMS 0x00000000f7f00000| PB 0x00000000f7f00000| Untracked 
|1920|0x00000000f8000000, 0x00000000f8000000, 0x00000000f8100000|  0%| F|  |TAMS 0x00000000f8000000| PB 0x00000000f8000000| Untracked 
|1921|0x00000000f8100000, 0x00000000f8100000, 0x00000000f8200000|  0%| F|  |TAMS 0x00000000f8100000| PB 0x00000000f8100000| Untracked 
|1922|0x00000000f8200000, 0x00000000f8200000, 0x00000000f8300000|  0%| F|  |TAMS 0x00000000f8200000| PB 0x00000000f8200000| Untracked 
|1923|0x00000000f8300000, 0x00000000f8300000, 0x00000000f8400000|  0%| F|  |TAMS 0x00000000f8300000| PB 0x00000000f8300000| Untracked 
|1924|0x00000000f8400000, 0x00000000f8400000, 0x00000000f8500000|  0%| F|  |TAMS 0x00000000f8400000| PB 0x00000000f8400000| Untracked 
|1925|0x00000000f8500000, 0x00000000f8500000, 0x00000000f8600000|  0%| F|  |TAMS 0x00000000f8500000| PB 0x00000000f8500000| Untracked 
|1926|0x00000000f8600000, 0x00000000f8600000, 0x00000000f8700000|  0%| F|  |TAMS 0x00000000f8600000| PB 0x00000000f8600000| Untracked 
|1927|0x00000000f8700000, 0x00000000f8700000, 0x00000000f8800000|  0%| F|  |TAMS 0x00000000f8700000| PB 0x00000000f8700000| Untracked 
|1928|0x00000000f8800000, 0x00000000f8800000, 0x00000000f8900000|  0%| F|  |TAMS 0x00000000f8800000| PB 0x00000000f8800000| Untracked 
|1929|0x00000000f8900000, 0x00000000f8900000, 0x00000000f8a00000|  0%| F|  |TAMS 0x00000000f8900000| PB 0x00000000f8900000| Untracked 
|1930|0x00000000f8a00000, 0x00000000f8a00000, 0x00000000f8b00000|  0%| F|  |TAMS 0x00000000f8a00000| PB 0x00000000f8a00000| Untracked 
|1931|0x00000000f8b00000, 0x00000000f8b00000, 0x00000000f8c00000|  0%| F|  |TAMS 0x00000000f8b00000| PB 0x00000000f8b00000| Untracked 
|1932|0x00000000f8c00000, 0x00000000f8c00000, 0x00000000f8d00000|  0%| F|  |TAMS 0x00000000f8c00000| PB 0x00000000f8c00000| Untracked 
|1933|0x00000000f8d00000, 0x00000000f8d00000, 0x00000000f8e00000|  0%| F|  |TAMS 0x00000000f8d00000| PB 0x00000000f8d00000| Untracked 
|1934|0x00000000f8e00000, 0x00000000f8e00000, 0x00000000f8f00000|  0%| F|  |TAMS 0x00000000f8e00000| PB 0x00000000f8e00000| Untracked 
|1935|0x00000000f8f00000, 0x00000000f8f00000, 0x00000000f9000000|  0%| F|  |TAMS 0x00000000f8f00000| PB 0x00000000f8f00000| Untracked 
|1936|0x00000000f9000000, 0x00000000f9000000, 0x00000000f9100000|  0%| F|  |TAMS 0x00000000f9000000| PB 0x00000000f9000000| Untracked 
|1937|0x00000000f9100000, 0x00000000f9100000, 0x00000000f9200000|  0%| F|  |TAMS 0x00000000f9100000| PB 0x00000000f9100000| Untracked 
|1938|0x00000000f9200000, 0x00000000f9200000, 0x00000000f9300000|  0%| F|  |TAMS 0x00000000f9200000| PB 0x00000000f9200000| Untracked 
|1939|0x00000000f9300000, 0x00000000f9300000, 0x00000000f9400000|  0%| F|  |TAMS 0x00000000f9300000| PB 0x00000000f9300000| Untracked 
|1940|0x00000000f9400000, 0x00000000f9400000, 0x00000000f9500000|  0%| F|  |TAMS 0x00000000f9400000| PB 0x00000000f9400000| Untracked 
|1941|0x00000000f9500000, 0x00000000f9500000, 0x00000000f9600000|  0%| F|  |TAMS 0x00000000f9500000| PB 0x00000000f9500000| Untracked 
|1942|0x00000000f9600000, 0x00000000f9600000, 0x00000000f9700000|  0%| F|  |TAMS 0x00000000f9600000| PB 0x00000000f9600000| Untracked 
|1943|0x00000000f9700000, 0x00000000f9700000, 0x00000000f9800000|  0%| F|  |TAMS 0x00000000f9700000| PB 0x00000000f9700000| Untracked 
|1944|0x00000000f9800000, 0x00000000f9800000, 0x00000000f9900000|  0%| F|  |TAMS 0x00000000f9800000| PB 0x00000000f9800000| Untracked 
|1945|0x00000000f9900000, 0x00000000f9900000, 0x00000000f9a00000|  0%| F|  |TAMS 0x00000000f9900000| PB 0x00000000f9900000| Untracked 
|1946|0x00000000f9a00000, 0x00000000f9a00000, 0x00000000f9b00000|  0%| F|  |TAMS 0x00000000f9a00000| PB 0x00000000f9a00000| Untracked 
|1947|0x00000000f9b00000, 0x00000000f9b00000, 0x00000000f9c00000|  0%| F|  |TAMS 0x00000000f9b00000| PB 0x00000000f9b00000| Untracked 
|1948|0x00000000f9c00000, 0x00000000f9c00000, 0x00000000f9d00000|  0%| F|  |TAMS 0x00000000f9c00000| PB 0x00000000f9c00000| Untracked 
|1949|0x00000000f9d00000, 0x00000000f9d00000, 0x00000000f9e00000|  0%| F|  |TAMS 0x00000000f9d00000| PB 0x00000000f9d00000| Untracked 
|1950|0x00000000f9e00000, 0x00000000f9e00000, 0x00000000f9f00000|  0%| F|  |TAMS 0x00000000f9e00000| PB 0x00000000f9e00000| Untracked 
|1951|0x00000000f9f00000, 0x00000000f9f973b8, 0x00000000fa000000| 59%| E|  |TAMS 0x00000000f9f00000| PB 0x00000000f9f00000| Complete 
|1952|0x00000000fa000000, 0x00000000fa100000, 0x00000000fa100000|100%| E|CS|TAMS 0x00000000fa000000| PB 0x00000000fa000000| Complete 
|1953|0x00000000fa100000, 0x00000000fa200000, 0x00000000fa200000|100%| E|CS|TAMS 0x00000000fa100000| PB 0x00000000fa100000| Complete 
|1954|0x00000000fa200000, 0x00000000fa300000, 0x00000000fa300000|100%| E|CS|TAMS 0x00000000fa200000| PB 0x00000000fa200000| Complete 
|1955|0x00000000fa300000, 0x00000000fa400000, 0x00000000fa400000|100%| E|CS|TAMS 0x00000000fa300000| PB 0x00000000fa300000| Complete 
|1956|0x00000000fa400000, 0x00000000fa500000, 0x00000000fa500000|100%| E|CS|TAMS 0x00000000fa400000| PB 0x00000000fa400000| Complete 
|1957|0x00000000fa500000, 0x00000000fa600000, 0x00000000fa600000|100%| E|CS|TAMS 0x00000000fa500000| PB 0x00000000fa500000| Complete 
|1958|0x00000000fa600000, 0x00000000fa700000, 0x00000000fa700000|100%| E|CS|TAMS 0x00000000fa600000| PB 0x00000000fa600000| Complete 
|1959|0x00000000fa700000, 0x00000000fa800000, 0x00000000fa800000|100%| E|CS|TAMS 0x00000000fa700000| PB 0x00000000fa700000| Complete 
|1960|0x00000000fa800000, 0x00000000fa900000, 0x00000000fa900000|100%| E|CS|TAMS 0x00000000fa800000| PB 0x00000000fa800000| Complete 
|1961|0x00000000fa900000, 0x00000000faa00000, 0x00000000faa00000|100%| E|CS|TAMS 0x00000000fa900000| PB 0x00000000fa900000| Complete 
|1962|0x00000000faa00000, 0x00000000fab00000, 0x00000000fab00000|100%| E|CS|TAMS 0x00000000faa00000| PB 0x00000000faa00000| Complete 
|1963|0x00000000fab00000, 0x00000000fac00000, 0x00000000fac00000|100%| E|CS|TAMS 0x00000000fab00000| PB 0x00000000fab00000| Complete 
|1964|0x00000000fac00000, 0x00000000fad00000, 0x00000000fad00000|100%| E|CS|TAMS 0x00000000fac00000| PB 0x00000000fac00000| Complete 
|1965|0x00000000fad00000, 0x00000000fae00000, 0x00000000fae00000|100%| E|CS|TAMS 0x00000000fad00000| PB 0x00000000fad00000| Complete 
|1966|0x00000000fae00000, 0x00000000faf00000, 0x00000000faf00000|100%| E|CS|TAMS 0x00000000fae00000| PB 0x00000000fae00000| Complete 
|1967|0x00000000faf00000, 0x00000000fb000000, 0x00000000fb000000|100%| E|CS|TAMS 0x00000000faf00000| PB 0x00000000faf00000| Complete 
|1968|0x00000000fb000000, 0x00000000fb100000, 0x00000000fb100000|100%| E|CS|TAMS 0x00000000fb000000| PB 0x00000000fb000000| Complete 
|1969|0x00000000fb100000, 0x00000000fb200000, 0x00000000fb200000|100%| E|CS|TAMS 0x00000000fb100000| PB 0x00000000fb100000| Complete 
|1970|0x00000000fb200000, 0x00000000fb300000, 0x00000000fb300000|100%| E|CS|TAMS 0x00000000fb200000| PB 0x00000000fb200000| Complete 
|1971|0x00000000fb300000, 0x00000000fb400000, 0x00000000fb400000|100%| E|CS|TAMS 0x00000000fb300000| PB 0x00000000fb300000| Complete 
|1972|0x00000000fb400000, 0x00000000fb500000, 0x00000000fb500000|100%| E|CS|TAMS 0x00000000fb400000| PB 0x00000000fb400000| Complete 
|1973|0x00000000fb500000, 0x00000000fb600000, 0x00000000fb600000|100%| E|CS|TAMS 0x00000000fb500000| PB 0x00000000fb500000| Complete 
|1974|0x00000000fb600000, 0x00000000fb700000, 0x00000000fb700000|100%| E|CS|TAMS 0x00000000fb600000| PB 0x00000000fb600000| Complete 
|1975|0x00000000fb700000, 0x00000000fb800000, 0x00000000fb800000|100%| E|CS|TAMS 0x00000000fb700000| PB 0x00000000fb700000| Complete 
|1976|0x00000000fb800000, 0x00000000fb900000, 0x00000000fb900000|100%| E|CS|TAMS 0x00000000fb800000| PB 0x00000000fb800000| Complete 
|1977|0x00000000fb900000, 0x00000000fba00000, 0x00000000fba00000|100%| E|CS|TAMS 0x00000000fb900000| PB 0x00000000fb900000| Complete 
|1978|0x00000000fba00000, 0x00000000fbb00000, 0x00000000fbb00000|100%| E|CS|TAMS 0x00000000fba00000| PB 0x00000000fba00000| Complete 
|1979|0x00000000fbb00000, 0x00000000fbc00000, 0x00000000fbc00000|100%| E|CS|TAMS 0x00000000fbb00000| PB 0x00000000fbb00000| Complete 
|1980|0x00000000fbc00000, 0x00000000fbd00000, 0x00000000fbd00000|100%| E|CS|TAMS 0x00000000fbc00000| PB 0x00000000fbc00000| Complete 
|1981|0x00000000fbd00000, 0x00000000fbe00000, 0x00000000fbe00000|100%| E|CS|TAMS 0x00000000fbd00000| PB 0x00000000fbd00000| Complete 
|1982|0x00000000fbe00000, 0x00000000fbf00000, 0x00000000fbf00000|100%| E|CS|TAMS 0x00000000fbe00000| PB 0x00000000fbe00000| Complete 
|1983|0x00000000fbf00000, 0x00000000fc000000, 0x00000000fc000000|100%| E|CS|TAMS 0x00000000fbf00000| PB 0x00000000fbf00000| Complete 
|1984|0x00000000fc000000, 0x00000000fc100000, 0x00000000fc100000|100%| E|CS|TAMS 0x00000000fc000000| PB 0x00000000fc000000| Complete 
|1985|0x00000000fc100000, 0x00000000fc200000, 0x00000000fc200000|100%| E|CS|TAMS 0x00000000fc100000| PB 0x00000000fc100000| Complete 
|1986|0x00000000fc200000, 0x00000000fc300000, 0x00000000fc300000|100%| E|CS|TAMS 0x00000000fc200000| PB 0x00000000fc200000| Complete 
|1987|0x00000000fc300000, 0x00000000fc400000, 0x00000000fc400000|100%| E|CS|TAMS 0x00000000fc300000| PB 0x00000000fc300000| Complete 
|1988|0x00000000fc400000, 0x00000000fc500000, 0x00000000fc500000|100%| E|CS|TAMS 0x00000000fc400000| PB 0x00000000fc400000| Complete 
|1989|0x00000000fc500000, 0x00000000fc600000, 0x00000000fc600000|100%| E|  |TAMS 0x00000000fc500000| PB 0x00000000fc500000| Complete 
|1990|0x00000000fc600000, 0x00000000fc700000, 0x00000000fc700000|100%| E|CS|TAMS 0x00000000fc600000| PB 0x00000000fc600000| Complete 
|1991|0x00000000fc700000, 0x00000000fc800000, 0x00000000fc800000|100%| E|CS|TAMS 0x00000000fc700000| PB 0x00000000fc700000| Complete 
|1992|0x00000000fc800000, 0x00000000fc900000, 0x00000000fc900000|100%| E|CS|TAMS 0x00000000fc800000| PB 0x00000000fc800000| Complete 
|1993|0x00000000fc900000, 0x00000000fca00000, 0x00000000fca00000|100%| E|CS|TAMS 0x00000000fc900000| PB 0x00000000fc900000| Complete 
|1994|0x00000000fca00000, 0x00000000fcb00000, 0x00000000fcb00000|100%| E|CS|TAMS 0x00000000fca00000| PB 0x00000000fca00000| Complete 
|1995|0x00000000fcb00000, 0x00000000fcc00000, 0x00000000fcc00000|100%| E|CS|TAMS 0x00000000fcb00000| PB 0x00000000fcb00000| Complete 
|1996|0x00000000fcc00000, 0x00000000fcd00000, 0x00000000fcd00000|100%| E|CS|TAMS 0x00000000fcc00000| PB 0x00000000fcc00000| Complete 
|1997|0x00000000fcd00000, 0x00000000fce00000, 0x00000000fce00000|100%| E|CS|TAMS 0x00000000fcd00000| PB 0x00000000fcd00000| Complete 
|1998|0x00000000fce00000, 0x00000000fcf00000, 0x00000000fcf00000|100%| E|CS|TAMS 0x00000000fce00000| PB 0x00000000fce00000| Complete 
|1999|0x00000000fcf00000, 0x00000000fd000000, 0x00000000fd000000|100%| E|CS|TAMS 0x00000000fcf00000| PB 0x00000000fcf00000| Complete 
|2000|0x00000000fd000000, 0x00000000fd100000, 0x00000000fd100000|100%| E|CS|TAMS 0x00000000fd000000| PB 0x00000000fd000000| Complete 
|2001|0x00000000fd100000, 0x00000000fd200000, 0x00000000fd200000|100%| E|CS|TAMS 0x00000000fd100000| PB 0x00000000fd100000| Complete 
|2002|0x00000000fd200000, 0x00000000fd300000, 0x00000000fd300000|100%| E|CS|TAMS 0x00000000fd200000| PB 0x00000000fd200000| Complete 
|2003|0x00000000fd300000, 0x00000000fd400000, 0x00000000fd400000|100%| O|  |TAMS 0x00000000fd300000| PB 0x00000000fd300000| Untracked 
|2004|0x00000000fd400000, 0x00000000fd500000, 0x00000000fd500000|100%| E|CS|TAMS 0x00000000fd400000| PB 0x00000000fd400000| Complete 
|2005|0x00000000fd500000, 0x00000000fd600000, 0x00000000fd600000|100%| E|CS|TAMS 0x00000000fd500000| PB 0x00000000fd500000| Complete 
|2006|0x00000000fd600000, 0x00000000fd700000, 0x00000000fd700000|100%| E|CS|TAMS 0x00000000fd600000| PB 0x00000000fd600000| Complete 
|2007|0x00000000fd700000, 0x00000000fd800000, 0x00000000fd800000|100%| E|CS|TAMS 0x00000000fd700000| PB 0x00000000fd700000| Complete 
|2008|0x00000000fd800000, 0x00000000fd900000, 0x00000000fd900000|100%| E|CS|TAMS 0x00000000fd800000| PB 0x00000000fd800000| Complete 
|2009|0x00000000fd900000, 0x00000000fda00000, 0x00000000fda00000|100%| E|CS|TAMS 0x00000000fd900000| PB 0x00000000fd900000| Complete 
|2010|0x00000000fda00000, 0x00000000fdb00000, 0x00000000fdb00000|100%| E|CS|TAMS 0x00000000fda00000| PB 0x00000000fda00000| Complete 
|2011|0x00000000fdb00000, 0x00000000fdc00000, 0x00000000fdc00000|100%| E|CS|TAMS 0x00000000fdb00000| PB 0x00000000fdb00000| Complete 
|2012|0x00000000fdc00000, 0x00000000fdc80000, 0x00000000fdd00000| 50%| S|CS|TAMS 0x00000000fdc00000| PB 0x00000000fdc00000| Complete 
|2013|0x00000000fdd00000, 0x00000000fde00000, 0x00000000fde00000|100%| S|CS|TAMS 0x00000000fdd00000| PB 0x00000000fdd00000| Complete 
|2014|0x00000000fde00000, 0x00000000fdf00000, 0x00000000fdf00000|100%| S|CS|TAMS 0x00000000fde00000| PB 0x00000000fde00000| Complete 
|2015|0x00000000fdf00000, 0x00000000fe000000, 0x00000000fe000000|100%| O|  |TAMS 0x00000000fdf00000| PB 0x00000000fdf00000| Untracked 
|2016|0x00000000fe000000, 0x00000000fe100000, 0x00000000fe100000|100%| S|CS|TAMS 0x00000000fe000000| PB 0x00000000fe000000| Complete 
|2017|0x00000000fe100000, 0x00000000fe200000, 0x00000000fe200000|100%| S|CS|TAMS 0x00000000fe100000| PB 0x00000000fe100000| Complete 
|2018|0x00000000fe200000, 0x00000000fe300000, 0x00000000fe300000|100%| S|CS|TAMS 0x00000000fe200000| PB 0x00000000fe200000| Complete 
|2019|0x00000000fe300000, 0x00000000fe400000, 0x00000000fe400000|100%| S|CS|TAMS 0x00000000fe300000| PB 0x00000000fe300000| Complete 
|2020|0x00000000fe400000, 0x00000000fe500000, 0x00000000fe500000|100%| E|CS|TAMS 0x00000000fe400000| PB 0x00000000fe400000| Complete 
|2021|0x00000000fe500000, 0x00000000fe600000, 0x00000000fe600000|100%| E|CS|TAMS 0x00000000fe500000| PB 0x00000000fe500000| Complete 
|2022|0x00000000fe600000, 0x00000000fe700000, 0x00000000fe700000|100%| E|CS|TAMS 0x00000000fe600000| PB 0x00000000fe600000| Complete 
|2023|0x00000000fe700000, 0x00000000fe800000, 0x00000000fe800000|100%| E|CS|TAMS 0x00000000fe700000| PB 0x00000000fe700000| Complete 
|2024|0x00000000fe800000, 0x00000000fe900000, 0x00000000fe900000|100%| E|CS|TAMS 0x00000000fe800000| PB 0x00000000fe800000| Complete 
|2025|0x00000000fe900000, 0x00000000fea00000, 0x00000000fea00000|100%| E|CS|TAMS 0x00000000fe900000| PB 0x00000000fe900000| Complete 
|2026|0x00000000fea00000, 0x00000000feb00000, 0x00000000feb00000|100%| E|CS|TAMS 0x00000000fea00000| PB 0x00000000fea00000| Complete 
|2027|0x00000000feb00000, 0x00000000fec00000, 0x00000000fec00000|100%| E|CS|TAMS 0x00000000feb00000| PB 0x00000000feb00000| Complete 
|2028|0x00000000fec00000, 0x00000000fed00000, 0x00000000fed00000|100%| E|CS|TAMS 0x00000000fec00000| PB 0x00000000fec00000| Complete 
|2029|0x00000000fed00000, 0x00000000fee00000, 0x00000000fee00000|100%| E|CS|TAMS 0x00000000fed00000| PB 0x00000000fed00000| Complete 
|2030|0x00000000fee00000, 0x00000000fef00000, 0x00000000fef00000|100%| E|CS|TAMS 0x00000000fee00000| PB 0x00000000fee00000| Complete 
|2031|0x00000000fef00000, 0x00000000ff000000, 0x00000000ff000000|100%| E|CS|TAMS 0x00000000fef00000| PB 0x00000000fef00000| Complete 
|2032|0x00000000ff000000, 0x00000000ff100000, 0x00000000ff100000|100%| E|CS|TAMS 0x00000000ff000000| PB 0x00000000ff000000| Complete 
|2033|0x00000000ff100000, 0x00000000ff200000, 0x00000000ff200000|100%| E|CS|TAMS 0x00000000ff100000| PB 0x00000000ff100000| Complete 
|2034|0x00000000ff200000, 0x00000000ff300000, 0x00000000ff300000|100%| E|CS|TAMS 0x00000000ff200000| PB 0x00000000ff200000| Complete 
|2035|0x00000000ff300000, 0x00000000ff400000, 0x00000000ff400000|100%| E|CS|TAMS 0x00000000ff300000| PB 0x00000000ff300000| Complete 
|2036|0x00000000ff400000, 0x00000000ff500000, 0x00000000ff500000|100%| E|CS|TAMS 0x00000000ff400000| PB 0x00000000ff400000| Complete 
|2037|0x00000000ff500000, 0x00000000ff600000, 0x00000000ff600000|100%| E|CS|TAMS 0x00000000ff500000| PB 0x00000000ff500000| Complete 
|2038|0x00000000ff600000, 0x00000000ff700000, 0x00000000ff700000|100%| E|CS|TAMS 0x00000000ff600000| PB 0x00000000ff600000| Complete 
|2039|0x00000000ff700000, 0x00000000ff800000, 0x00000000ff800000|100%| E|CS|TAMS 0x00000000ff700000| PB 0x00000000ff700000| Complete 
|2040|0x00000000ff800000, 0x00000000ff900000, 0x00000000ff900000|100%| E|CS|TAMS 0x00000000ff800000| PB 0x00000000ff800000| Complete 
|2041|0x00000000ff900000, 0x00000000ffa00000, 0x00000000ffa00000|100%| O|  |TAMS 0x00000000ff900000| PB 0x00000000ff900000| Untracked 
|2042|0x00000000ffa00000, 0x00000000ffb00000, 0x00000000ffb00000|100%| O|  |TAMS 0x00000000ffa00000| PB 0x00000000ffa00000| Untracked 
|2043|0x00000000ffb00000, 0x00000000ffc00000, 0x00000000ffc00000|100%| E|CS|TAMS 0x00000000ffb00000| PB 0x00000000ffb00000| Complete 
|2044|0x00000000ffc00000, 0x00000000ffd00000, 0x00000000ffd00000|100%| O|  |TAMS 0x00000000ffc00000| PB 0x00000000ffc00000| Untracked 
|2045|0x00000000ffd00000, 0x00000000ffe00000, 0x00000000ffe00000|100%| E|CS|TAMS 0x00000000ffd00000| PB 0x00000000ffd00000| Complete 
|2046|0x00000000ffe00000, 0x00000000fff00000, 0x00000000fff00000|100%| O|  |TAMS 0x00000000ffe00000| PB 0x00000000ffe00000| Untracked 
|2047|0x00000000fff00000, 0x0000000100000000, 0x0000000100000000|100%| E|CS|TAMS 0x00000000fff00000| PB 0x00000000fff00000| Complete 

Card table byte_map: [0x000001ca231e0000,0x000001ca235e0000] _byte_map_base: 0x000001ca22de0000

Marking Bits: (CMBitMap*) 0x000001ca0808e500
 Bits: [0x000001ca235e0000, 0x000001ca255e0000)

Polling page: 0x000001ca08220000

Metaspace:

Usage:
  Non-class:    108.02 MB used.
      Class:     15.35 MB used.
       Both:    123.37 MB used.

Virtual space:
  Non-class space:      128.00 MB reserved,     109.38 MB ( 85%) committed,  2 nodes.
      Class space:        1.00 GB reserved,      16.62 MB (  2%) committed,  1 nodes.
             Both:        1.12 GB reserved,     126.00 MB ( 11%) committed. 

Chunk freelists:
   Non-Class:  2.02 MB
       Class:  15.32 MB
        Both:  17.33 MB

MaxMetaspaceSize: unlimited
CompressedClassSpaceSize: 1.00 GB
Initial GC threshold: 21.00 MB
Current GC threshold: 202.75 MB
CDS: on
 - commit_granule_bytes: 65536.
 - commit_granule_words: 8192.
 - virtual_space_node_default_size: 8388608.
 - enlarge_chunks_in_place: 1.
 - use_allocation_guard: 0.


Internal statistics:

num_allocs_failed_limit: 6.
num_arena_births: 4658.
num_arena_deaths: 18.
num_vsnodes_births: 3.
num_vsnodes_deaths: 0.
num_space_committed: 2016.
num_space_uncommitted: 0.
num_chunks_returned_to_freelist: 50.
num_chunks_taken_from_freelist: 10349.
num_chunk_merges: 7.
num_chunk_splits: 6674.
num_chunks_enlarged: 4134.
num_inconsistent_stats: 0.

CodeHeap 'non-profiled nmethods': size=119168Kb used=26461Kb max_used=28489Kb free=92706Kb
 bounds [0x000001ca1b0f0000, 0x000001ca1cce0000, 0x000001ca22550000]
CodeHeap 'profiled nmethods': size=119104Kb used=36161Kb max_used=44094Kb free=82942Kb
 bounds [0x000001ca13550000, 0x000001ca16060000, 0x000001ca1a9a0000]
CodeHeap 'non-nmethods': size=7488Kb used=3023Kb max_used=4850Kb free=4464Kb
 bounds [0x000001ca1a9a0000, 0x000001ca1ae70000, 0x000001ca1b0f0000]
 total_blobs=19470 nmethods=18386 adapters=984
 compilation: enabled
              stopped_count=0, restarted_count=0
 full_count=0

Compilation events (20 events):
Event: 181.294 Thread 0x000001ca28736940 nmethod 38700 0x000001ca159b0410 code [0x000001ca159b05c0, 0x000001ca159b08c0]
Event: 181.295 Thread 0x000001ca28736940 38701       3       java.net.Inet4Address::<init> (29 bytes)
Event: 181.295 Thread 0x000001ca28736940 nmethod 38701 0x000001ca159afb90 code [0x000001ca159afd60, 0x000001ca159b02d0]
Event: 181.303 Thread 0x000001ca287335d0 38702       4       sun.security.ssl.ProtocolVersion::useTLS13PlusSpec (47 bytes)
Event: 181.303 Thread 0x000001ca287335d0 nmethod 38702 0x000001ca1c9bec90 code [0x000001ca1c9bee00, 0x000001ca1c9beec8]
Event: 181.454 Thread 0x000001ca28736940 38703       1       org.gradle.util.internal.DefaultGradleVersion::getVersion (5 bytes)
Event: 181.454 Thread 0x000001ca28736940 nmethod 38703 0x000001ca1c9be990 code [0x000001ca1c9beb20, 0x000001ca1c9bebe8]
Event: 182.969 Thread 0x000001ca28736940 38704       3       sun.security.ssl.PostHandshakeContext::isConsumable (38 bytes)
Event: 182.969 Thread 0x000001ca28736940 nmethod 38704 0x000001ca159af610 code [0x000001ca159af7e0, 0x000001ca159afa10]
Event: 182.969 Thread 0x000001ca28736940 38705       1       org.gradle.cache.internal.btree.BlockPayload::getBlock (5 bytes)
Event: 182.969 Thread 0x000001ca28736940 nmethod 38705 0x000001ca1c9be690 code [0x000001ca1c9be820, 0x000001ca1c9be8e8]
Event: 182.970 Thread 0x000001ca28736940 38706       3       java.util.concurrent.ConcurrentHashMap::tableSizeFor (32 bytes)
Event: 182.970 Thread 0x000001ca28736940 nmethod 38706 0x000001ca159af190 code [0x000001ca159af340, 0x000001ca159af548]
Event: 182.970 Thread 0x000001ca28736940 38707       3       java.net.InetSocketAddress::checkPort (39 bytes)
Event: 182.970 Thread 0x000001ca28736940 nmethod 38707 0x000001ca15803e90 code [0x000001ca158040c0, 0x000001ca158046d0]
Event: 182.977 Thread 0x000001ca28736940 38708       3       sun.security.ssl.SupportedGroupsExtension$CHSupportedGroupsProducer::produce (404 bytes)
Event: 182.977 Thread 0x000001ca287335d0 38710       4       sun.security.ec.XECOperations::pointMultiply (383 bytes)
Event: 182.978 Thread 0x000001ca28736940 nmethod 38708 0x000001ca15191810 code [0x000001ca15191c20, 0x000001ca15193b10]
Event: 182.978 Thread 0x000001ca28736940 38709       3       sun.security.ssl.SignatureScheme::getSupportedAlgorithms (304 bytes)
Event: 182.978 Thread 0x000001ca28736940 nmethod 38709 0x000001ca152f3190 code [0x000001ca152f34e0, 0x000001ca152f4a40]

GC Heap History (20 events):
Event: 163.780 GC heap before
{Heap before GC invocations=148 (full 1):
 garbage-first heap   total 1117184K, used 975405K [0x0000000080000000, 0x0000000100000000)
  region size 1024K, 359 young (367616K), 21 survivors (21504K)
 Metaspace       used 118637K, committed 121152K, reserved 1179648K
  class space    used 14581K, committed 15808K, reserved 1048576K
}
Event: 163.799 GC heap after
{Heap after GC invocations=149 (full 1):
 garbage-first heap   total 1117184K, used 708653K [0x0000000080000000, 0x0000000100000000)
  region size 1024K, 45 young (46080K), 45 survivors (46080K)
 Metaspace       used 118637K, committed 121152K, reserved 1179648K
  class space    used 14581K, committed 15808K, reserved 1048576K
}
Event: 166.606 GC heap before
{Heap before GC invocations=149 (full 1):
 garbage-first heap   total 1117184K, used 984109K [0x0000000080000000, 0x0000000100000000)
  region size 1024K, 310 young (317440K), 45 survivors (46080K)
 Metaspace       used 120149K, committed 122752K, reserved 1179648K
  class space    used 14810K, committed 16064K, reserved 1048576K
}
Event: 166.620 GC heap after
{Heap after GC invocations=150 (full 1):
 garbage-first heap   total 1117184K, used 737984K [0x0000000080000000, 0x0000000100000000)
  region size 1024K, 25 young (25600K), 25 survivors (25600K)
 Metaspace       used 120149K, committed 122752K, reserved 1179648K
  class space    used 14810K, committed 16064K, reserved 1048576K
}
Event: 166.640 GC heap before
{Heap before GC invocations=150 (full 1):
 garbage-first heap   total 1117184K, used 739008K [0x0000000080000000, 0x0000000100000000)
  region size 1024K, 27 young (27648K), 25 survivors (25600K)
 Metaspace       used 120162K, committed 122752K, reserved 1179648K
  class space    used 14810K, committed 16064K, reserved 1048576K
}
Event: 166.644 GC heap after
{Heap after GC invocations=151 (full 1):
 garbage-first heap   total 1117184K, used 737105K [0x0000000080000000, 0x0000000100000000)
  region size 1024K, 4 young (4096K), 4 survivors (4096K)
 Metaspace       used 120162K, committed 122752K, reserved 1179648K
  class space    used 14810K, committed 16064K, reserved 1048576K
}
Event: 167.903 GC heap before
{Heap before GC invocations=152 (full 1):
 garbage-first heap   total 1117184K, used 915281K [0x0000000080000000, 0x0000000100000000)
  region size 1024K, 277 young (283648K), 4 survivors (4096K)
 Metaspace       used 120301K, committed 122944K, reserved 1179648K
  class space    used 14831K, committed 16128K, reserved 1048576K
}
Event: 167.924 GC heap after
{Heap after GC invocations=153 (full 1):
 garbage-first heap   total 1117184K, used 743469K [0x0000000080000000, 0x0000000100000000)
  region size 1024K, 35 young (35840K), 35 survivors (35840K)
 Metaspace       used 120301K, committed 122944K, reserved 1179648K
  class space    used 14831K, committed 16128K, reserved 1048576K
}
Event: 171.938 GC heap before
{Heap before GC invocations=153 (full 1):
 garbage-first heap   total 1117184K, used 960557K [0x0000000080000000, 0x0000000100000000)
  region size 1024K, 245 young (250880K), 35 survivors (35840K)
 Metaspace       used 120327K, committed 123008K, reserved 1179648K
  class space    used 14831K, committed 16128K, reserved 1048576K
}
Event: 171.960 GC heap after
{Heap after GC invocations=154 (full 1):
 garbage-first heap   total 1117184K, used 740512K [0x0000000080000000, 0x0000000100000000)
  region size 1024K, 31 young (31744K), 31 survivors (31744K)
 Metaspace       used 120327K, committed 123008K, reserved 1179648K
  class space    used 14831K, committed 16128K, reserved 1048576K
}
Event: 172.828 GC heap before
{Heap before GC invocations=154 (full 1):
 garbage-first heap   total 1117184K, used 962720K [0x0000000080000000, 0x0000000100000000)
  region size 1024K, 248 young (253952K), 31 survivors (31744K)
 Metaspace       used 120352K, committed 123008K, reserved 1179648K
  class space    used 14832K, committed 16128K, reserved 1048576K
}
Event: 172.845 GC heap after
{Heap after GC invocations=155 (full 1):
 garbage-first heap   total 1117184K, used 791200K [0x0000000080000000, 0x0000000100000000)
  region size 1024K, 31 young (31744K), 31 survivors (31744K)
 Metaspace       used 120352K, committed 123008K, reserved 1179648K
  class space    used 14832K, committed 16128K, reserved 1048576K
}
Event: 173.604 GC heap before
{Heap before GC invocations=156 (full 1):
 garbage-first heap   total 1117184K, used 800416K [0x0000000080000000, 0x0000000100000000)
  region size 1024K, 222 young (227328K), 31 survivors (31744K)
 Metaspace       used 120333K, committed 123008K, reserved 1179648K
  class space    used 14810K, committed 16128K, reserved 1048576K
}
Event: 173.619 GC heap after
{Heap after GC invocations=157 (full 1):
 garbage-first heap   total 1117184K, used 645792K [0x0000000080000000, 0x0000000100000000)
  region size 1024K, 28 young (28672K), 28 survivors (28672K)
 Metaspace       used 120333K, committed 123008K, reserved 1179648K
  class space    used 14810K, committed 16128K, reserved 1048576K
}
Event: 174.492 GC heap before
{Heap before GC invocations=157 (full 1):
 garbage-first heap   total 1117184K, used 926368K [0x0000000080000000, 0x0000000100000000)
  region size 1024K, 300 young (307200K), 28 survivors (28672K)
 Metaspace       used 120382K, committed 123072K, reserved 1179648K
  class space    used 14810K, committed 16128K, reserved 1048576K
}
Event: 174.511 GC heap after
{Heap after GC invocations=158 (full 1):
 garbage-first heap   total 1117184K, used 603808K [0x0000000080000000, 0x0000000100000000)
  region size 1024K, 38 young (38912K), 38 survivors (38912K)
 Metaspace       used 120382K, committed 123072K, reserved 1179648K
  class space    used 14810K, committed 16128K, reserved 1048576K
}
Event: 176.018 GC heap before
{Heap before GC invocations=158 (full 1):
 garbage-first heap   total 1117184K, used 903840K [0x0000000080000000, 0x0000000100000000)
  region size 1024K, 330 young (337920K), 38 survivors (38912K)
 Metaspace       used 120454K, committed 123136K, reserved 1179648K
  class space    used 14810K, committed 16128K, reserved 1048576K
}
Event: 176.039 GC heap after
{Heap after GC invocations=159 (full 1):
 garbage-first heap   total 1117184K, used 647328K [0x0000000080000000, 0x0000000100000000)
  region size 1024K, 42 young (43008K), 42 survivors (43008K)
 Metaspace       used 120454K, committed 123136K, reserved 1179648K
  class space    used 14810K, committed 16128K, reserved 1048576K
}
Event: 176.203 GC heap before
{Heap before GC invocations=159 (full 1):
 garbage-first heap   total 1117184K, used 669856K [0x0000000080000000, 0x0000000100000000)
  region size 1024K, 66 young (67584K), 42 survivors (43008K)
 Metaspace       used 120790K, committed 123328K, reserved 1179648K
  class space    used 14859K, committed 16128K, reserved 1048576K
}
Event: 176.210 GC heap after
{Heap after GC invocations=160 (full 1):
 garbage-first heap   total 1117184K, used 657568K [0x0000000080000000, 0x0000000100000000)
  region size 1024K, 7 young (7168K), 7 survivors (7168K)
 Metaspace       used 120790K, committed 123328K, reserved 1179648K
  class space    used 14859K, committed 16128K, reserved 1048576K
}

Dll operation events (15 events):
Event: 0.011 Loaded shared library C:\Users\cpg07\.gradle\jdks\adoptium-21-x64-hotspot-windows\bin\java.dll
Event: 0.039 Loaded shared library C:\Users\cpg07\.gradle\jdks\adoptium-21-x64-hotspot-windows\bin\jsvml.dll
Event: 0.064 Loaded shared library C:\Users\cpg07\.gradle\jdks\adoptium-21-x64-hotspot-windows\bin\zip.dll
Event: 0.067 Loaded shared library C:\Users\cpg07\.gradle\jdks\adoptium-21-x64-hotspot-windows\bin\instrument.dll
Event: 0.073 Loaded shared library C:\Users\cpg07\.gradle\jdks\adoptium-21-x64-hotspot-windows\bin\net.dll
Event: 0.075 Loaded shared library C:\Users\cpg07\.gradle\jdks\adoptium-21-x64-hotspot-windows\bin\nio.dll
Event: 0.077 Loaded shared library C:\Users\cpg07\.gradle\jdks\adoptium-21-x64-hotspot-windows\bin\zip.dll
Event: 0.265 Loaded shared library C:\Users\cpg07\.gradle\jdks\adoptium-21-x64-hotspot-windows\bin\jimage.dll
Event: 0.369 Loaded shared library C:\Users\cpg07\.gradle\jdks\adoptium-21-x64-hotspot-windows\bin\verify.dll
Event: 0.463 Loaded shared library C:\Users\cpg07\.gradle\native\1def1411415f61bf3af743bc5b6707747c0891f09f0c88961ee8f79bc544acac\windows-amd64\native-platform.dll
Event: 0.492 Loaded shared library C:\Users\cpg07\.gradle\native\0.2.6\x86_64-windows-gnu\gradle-fileevents.dll
Event: 1.185 Loaded shared library C:\Users\cpg07\.gradle\jdks\adoptium-21-x64-hotspot-windows\bin\management.dll
Event: 1.193 Loaded shared library C:\Users\cpg07\.gradle\jdks\adoptium-21-x64-hotspot-windows\bin\management_ext.dll
Event: 1.296 Loaded shared library C:\Users\cpg07\.gradle\jdks\adoptium-21-x64-hotspot-windows\bin\extnet.dll
Event: 1.459 Loaded shared library C:\Users\cpg07\.gradle\jdks\adoptium-21-x64-hotspot-windows\bin\sunmscapi.dll

Deoptimization events (20 events):
Event: 178.516 Thread 0x000001ca76b094b0 Uncommon trap: trap_request=0xffffffde fr.pc=0x000001ca1b438e90 relative=0x0000000000001150
Event: 178.516 Thread 0x000001ca76b094b0 Uncommon trap: reason=class_check action=maybe_recompile pc=0x000001ca1b438e90 method=java.io.BufferedWriter.flushBuffer()V @ 6 c2
Event: 178.516 Thread 0x000001ca76b094b0 DEOPT PACKING pc=0x000001ca1b438e90 sp=0x0000007dae6fae10
Event: 178.516 Thread 0x000001ca76b094b0 DEOPT UNPACKING pc=0x000001ca1a9f46a2 sp=0x0000007dae6fade8 mode 2
Event: 179.196 Thread 0x000001ca76b094b0 Uncommon trap: trap_request=0xffffff45 fr.pc=0x000001ca1bfa2530 relative=0x00000000000010d0
Event: 179.196 Thread 0x000001ca76b094b0 Uncommon trap: reason=unstable_if action=reinterpret pc=0x000001ca1bfa2530 method=com.sun.org.apache.xerces.internal.impl.XMLErrorReporter.setProperty(Ljava/lang/String;Ljava/lang/Object;)V @ 35 c2
Event: 179.196 Thread 0x000001ca76b094b0 DEOPT PACKING pc=0x000001ca1bfa2530 sp=0x0000007dae6f84f0
Event: 179.196 Thread 0x000001ca76b094b0 DEOPT UNPACKING pc=0x000001ca1a9f46a2 sp=0x0000007dae6f8490 mode 2
Event: 179.199 Thread 0x000001ca76b094b0 Uncommon trap: trap_request=0xffffff76 fr.pc=0x000001ca1b7e7ce0 relative=0x00000000000001a0
Event: 179.199 Thread 0x000001ca76b094b0 Uncommon trap: reason=predicate action=maybe_recompile pc=0x000001ca1b7e7ce0 method=java.util.Collections.indexedBinarySearch(Ljava/util/List;Ljava/lang/Object;)I @ 13 c2
Event: 179.199 Thread 0x000001ca76b094b0 DEOPT PACKING pc=0x000001ca1b7e7ce0 sp=0x0000007dae6f8550
Event: 179.199 Thread 0x000001ca76b094b0 DEOPT UNPACKING pc=0x000001ca1a9f46a2 sp=0x0000007dae6f84e0 mode 2
Event: 179.199 Thread 0x000001ca76b094b0 Uncommon trap: trap_request=0xffffff45 fr.pc=0x000001ca1b7018f4 relative=0x0000000000001ed4
Event: 179.199 Thread 0x000001ca76b094b0 Uncommon trap: reason=unstable_if action=reinterpret pc=0x000001ca1b7018f4 method=org.gradle.cache.internal.btree.FreeListBlockStore$FreeListBlock.alloc(Lorg/gradle/cache/internal/btree/Block;)V @ 22 c2
Event: 179.199 Thread 0x000001ca76b094b0 DEOPT PACKING pc=0x000001ca1b7018f4 sp=0x0000007dae6f8680
Event: 179.199 Thread 0x000001ca76b094b0 DEOPT UNPACKING pc=0x000001ca1a9f46a2 sp=0x0000007dae6f8598 mode 2
Event: 180.751 Thread 0x000001ca76b094b0 DEOPT PACKING pc=0x000001ca14df1b13 sp=0x0000007dae6f6110
Event: 180.751 Thread 0x000001ca76b094b0 DEOPT UNPACKING pc=0x000001ca1a9f4e42 sp=0x0000007dae6f5608 mode 0
Event: 182.977 Thread 0x000001ca76b094b0 DEOPT PACKING pc=0x000001ca14e107c5 sp=0x0000007dae6f64b0
Event: 182.977 Thread 0x000001ca76b094b0 DEOPT UNPACKING pc=0x000001ca1a9f4e42 sp=0x0000007dae6f5988 mode 0

Classes loaded (20 events):
Event: 177.075 Loading class com/sun/org/apache/xerces/internal/dom/ElementNSImpl done
Event: 177.075 Loading class com/sun/org/apache/xerces/internal/dom/DeferredElementNSImpl done
Event: 177.075 Loading class com/sun/org/apache/xerces/internal/dom/DeferredAttrNSImpl
Event: 177.075 Loading class com/sun/org/apache/xerces/internal/dom/AttrNSImpl
Event: 177.075 Loading class com/sun/org/apache/xerces/internal/dom/AttrNSImpl done
Event: 177.075 Loading class com/sun/org/apache/xerces/internal/dom/DeferredAttrNSImpl done
Event: 177.076 Loading class com/sun/org/apache/xml/internal/utils/XMLCharacterRecognizer
Event: 177.076 Loading class com/sun/org/apache/xml/internal/utils/XMLCharacterRecognizer done
Event: 177.076 Loading class com/sun/org/apache/xpath/internal/objects/XBoolean
Event: 177.076 Loading class com/sun/org/apache/xpath/internal/objects/XBoolean done
Event: 177.076 Loading class com/sun/org/apache/xpath/internal/objects/XBooleanStatic
Event: 177.076 Loading class com/sun/org/apache/xpath/internal/objects/XBooleanStatic done
Event: 177.387 Loading class java/util/TreeMap$KeySpliterator
Event: 177.388 Loading class java/util/TreeMap$TreeMapSpliterator
Event: 177.388 Loading class java/util/TreeMap$TreeMapSpliterator done
Event: 177.388 Loading class java/util/TreeMap$KeySpliterator done
Event: 178.249 Loading class java/io/ObjectStreamClass$DeserializationConstructorsCache
Event: 178.250 Loading class java/io/ObjectStreamClass$DeserializationConstructorsCache done
Event: 178.319 Loading class java/nio/channels/Channels$WritableByteChannelImpl
Event: 178.319 Loading class java/nio/channels/Channels$WritableByteChannelImpl done

Classes unloaded (20 events):
Event: 172.962 Thread 0x000001ca287159c0 Unloading class 0x000001ca2af8cbb8 '_BuildScript_$_run_closure8'
Event: 172.962 Thread 0x000001ca287159c0 Unloading class 0x000001ca2af8c7d0 '_BuildScript_$_run_closure7$_closure18'
Event: 172.962 Thread 0x000001ca287159c0 Unloading class 0x000001ca2af8c3e8 '_BuildScript_$_run_closure7'
Event: 172.962 Thread 0x000001ca287159c0 Unloading class 0x000001ca2af8c000 '_BuildScript_$_run_closure6$_closure17'
Event: 172.962 Thread 0x000001ca287159c0 Unloading class 0x000001ca2af8bb58 '_BuildScript_$_run_closure6$_closure16'
Event: 172.962 Thread 0x000001ca287159c0 Unloading class 0x000001ca2af8b770 '_BuildScript_$_run_closure6'
Event: 172.962 Thread 0x000001ca287159c0 Unloading class 0x000001ca2af8b388 '_BuildScript_$_run_closure5$_closure15'
Event: 172.962 Thread 0x000001ca287159c0 Unloading class 0x000001ca2af8afa0 '_BuildScript_$_run_closure5'
Event: 172.962 Thread 0x000001ca287159c0 Unloading class 0x000001ca2af8abb8 '_BuildScript_$_run_closure4$_closure14'
Event: 172.962 Thread 0x000001ca287159c0 Unloading class 0x000001ca2af8a7d0 '_BuildScript_$_run_closure4$_closure13'
Event: 172.962 Thread 0x000001ca287159c0 Unloading class 0x000001ca2af8a3e8 '_BuildScript_$_run_closure4'
Event: 172.962 Thread 0x000001ca287159c0 Unloading class 0x000001ca2af8a000 '_BuildScript_$_run_closure3$_closure11'
Event: 172.962 Thread 0x000001ca287159c0 Unloading class 0x000001ca2af89bb8 '_BuildScript_$_run_closure3$_closure10$_closure12'
Event: 172.962 Thread 0x000001ca287159c0 Unloading class 0x000001ca2af897d0 '_BuildScript_$_run_closure3$_closure10'
Event: 172.962 Thread 0x000001ca287159c0 Unloading class 0x000001ca2af893e8 '_BuildScript_$_run_closure3'
Event: 172.962 Thread 0x000001ca287159c0 Unloading class 0x000001ca2af89000 '_BuildScript_$_run_closure2'
Event: 172.962 Thread 0x000001ca287159c0 Unloading class 0x000001ca2af82c00 '_BuildScript_$_run_closure1'
Event: 172.962 Thread 0x000001ca287159c0 Unloading class 0x000001ca2af88800 '_BuildScript_'
Event: 172.962 Thread 0x000001ca287159c0 Unloading class 0x000001ca2af78538 '_BuildScript_$_run_closure1'
Event: 172.962 Thread 0x000001ca287159c0 Unloading class 0x000001ca2af78000 '_BuildScript_'

Classes redefined (0 events):
No events

Internal exceptions (20 events):
Event: 176.416 Thread 0x000001ca6fbadba0 Exception <a 'java/lang/NoSuchMethodError'{0x00000000ff278660}: 'java.lang.Object java.lang.invoke.DirectMethodHandle$Holder.invokeSpecial(java.lang.Object, java.lang.Object, java.lang.Object, java.lang.Object, java.lang.Object, java.lang.Object, java.lang.Object, int)'> (0x00000000ff278660) 
thrown [s\src\hotspot\share\interpreter\linkResolver.cpp, line 773]
Event: 176.416 Thread 0x000001ca6fbadba0 Exception <a 'java/lang/NoSuchMethodError'{0x00000000ff27cf58}: 'java.lang.Object java.lang.invoke.Invokers$Holder.linkToTargetMethod(java.lang.Object, java.lang.Object, java.lang.Object, java.lang.Object, java.lang.Object, int, java.lang.Object)'> (0x00000000ff27cf58) 
thrown [s\src\hotspot\share\interpreter\linkResolver.cpp, line 773]
Event: 177.351 Thread 0x000001ca6fbadba0 Exception <a 'java/lang/IncompatibleClassChangeError'{0x00000000fdaa6db0}: Found class java.lang.Object, but interface was expected> (0x00000000fdaa6db0) 
thrown [s\src\hotspot\share\interpreter\linkResolver.cpp, line 840]
Event: 177.419 Thread 0x000001ca76a9f620 Exception <a 'java/lang/NoSuchMethodError'{0x00000000fd7b3a90}: 'java.lang.Object java.lang.invoke.DirectMethodHandle$Holder.newInvokeSpecial(java.lang.Object, java.lang.Object, int, java.lang.Object, java.lang.Object)'> (0x00000000fd7b3a90) 
thrown [s\src\hotspot\share\interpreter\linkResolver.cpp, line 773]
Event: 177.438 Thread 0x000001ca76b094b0 Exception <a 'java/lang/NoSuchMethodError'{0x00000000fcf89a40}: 'void java.lang.invoke.DirectMethodHandle$Holder.invokeSpecial(java.lang.Object, java.lang.Object, java.lang.Object, java.lang.Object, int, java.lang.Object, java.lang.Object)'> (0x00000000fcf89a40) 
thrown [s\src\hotspot\share\interpreter\linkResolver.cpp, line 773]
Event: 177.466 Thread 0x000001ca76b08e20 Exception <a 'java/lang/NoSuchMethodError'{0x00000000fcc53ad8}: 'java.lang.Object java.lang.invoke.DirectMethodHandle$Holder.invokeVirtual(java.lang.Object, java.lang.Object, java.lang.Object, java.lang.Object, java.lang.Object, java.lang.Object, java.lang.Object, java.lang.Object, java.lang.Object, java.lang.Object, java.lang.Object, java.lang.Object, java.lang.Object, java.lang.Object, java.lang.Object, java.lang.Object, java.lang.Object, java.lang.Object, java.lang.Object)'> (0x00000000fcc53ad8) 
thrown
Event: 177.466 Thread 0x000001ca76b094b0 Exception <a 'java/lang/NoSuchMethodError'{0x00000000fcd729a0}: 'java.lang.Object java.lang.invoke.DirectMethodHandle$Holder.invokeVirtual(java.lang.Object, java.lang.Object, java.lang.Object, java.lang.Object, java.lang.Object, java.lang.Object, java.lang.Object, java.lang.Object, java.lang.Object, java.lang.Object, java.lang.Object, java.lang.Object, java.lang.Object, java.lang.Object, java.lang.Object, java.lang.Object, java.lang.Object, java.lang.Object, java.lang.Object)'> (0x00000000fcd729a0) 
thrown
Event: 177.466 Thread 0x000001ca75942b50 Exception <a 'java/lang/NoSuchMethodError'{0x00000000fcdbf658}: 'java.lang.Object java.lang.invoke.DirectMethodHandle$Holder.invokeVirtual(java.lang.Object, java.lang.Object, java.lang.Object, java.lang.Object, java.lang.Object, java.lang.Object, java.lang.Object, java.lang.Object, java.lang.Object, java.lang.Object, java.lang.Object, java.lang.Object, java.lang.Object, java.lang.Object, java.lang.Object, java.lang.Object, java.lang.Object, java.lang.Object, java.lang.Object)'> (0x00000000fcdbf658) 
thrown
Event: 177.479 Thread 0x000001ca6fbcac90 Exception <a 'java/lang/NoSuchMethodError'{0x00000000fca88d60}: static Lorg/gradle/internal/build/event/types/DefaultTaskStartedProgressEvent;.<clinit>()V> (0x00000000fca88d60) 
thrown [s\src\hotspot\share\prims\jni.cpp, line 1111]
Event: 177.480 Thread 0x000001ca6fbcac90 Exception <a 'java/lang/NoSuchMethodError'{0x00000000fca93f58}: static Lorg/gradle/internal/build/event/types/DefaultTaskDescriptor;.<clinit>()V> (0x00000000fca93f58) 
thrown [s\src\hotspot\share\prims\jni.cpp, line 1111]
Event: 177.482 Thread 0x000001ca6fbcac90 Exception <a 'java/lang/NoSuchMethodError'{0x00000000fcaa4720}: static Lorg/gradle/internal/build/event/types/DefaultBinaryPluginIdentifier;.<clinit>()V> (0x00000000fcaa4720) 
thrown [s\src\hotspot\share\prims\jni.cpp, line 1111]
Event: 177.485 Thread 0x000001ca6fbcac90 Exception <a 'java/lang/NoSuchMethodError'{0x00000000fcab0ad0}: static Lorg/gradle/internal/build/event/types/DefaultTaskFinishedProgressEvent;.<clinit>()V> (0x00000000fcab0ad0) 
thrown [s\src\hotspot\share\prims\jni.cpp, line 1111]
Event: 177.486 Thread 0x000001ca6fbcac90 Exception <a 'java/lang/NoSuchMethodError'{0x00000000fcac6c58}: static Lorg/gradle/internal/build/event/types/DefaultTaskSuccessResult;.<clinit>()V> (0x00000000fcac6c58) 
thrown [s\src\hotspot\share\prims\jni.cpp, line 1111]
Event: 177.487 Thread 0x000001ca6fbcac90 Exception <a 'java/lang/NoSuchMethodError'{0x00000000fcac8390}: static Lorg/gradle/internal/build/event/types/AbstractTaskResult;.<clinit>()V> (0x00000000fcac8390) 
thrown [s\src\hotspot\share\prims\jni.cpp, line 1111]
Event: 177.487 Thread 0x000001ca6fbcac90 Exception <a 'java/lang/NoSuchMethodError'{0x00000000fcad3e60}: static Lorg/gradle/internal/build/event/types/DefaultTaskSkippedResult;.<clinit>()V> (0x00000000fcad3e60) 
thrown [s\src\hotspot\share\prims\jni.cpp, line 1111]
Event: 177.521 Thread 0x000001ca76b094b0 Exception <a 'sun/nio/fs/WindowsException'{0x00000000fc9b2a58}> (0x00000000fc9b2a58) 
thrown [s\src\hotspot\share\prims\jni.cpp, line 520]
Event: 178.247 Thread 0x000001ca76b094b0 Exception <a 'java/lang/NoSuchMethodError'{0x00000000faee30a8}: 'java.lang.Object java.lang.invoke.Invokers$Holder.invoker(java.lang.Object, java.lang.Object, java.lang.Object, java.lang.Object, java.lang.Object, java.lang.Object, java.lang.Object, java.lang.Object, java.lang.Object, java.lang.Object, java.lang.Object, java.lang.Object, java.lang.Object)'> (0x00000000faee30a8) 
thrown [s\src\hotspot\share\interpreter\linkResolver.cpp, line 773]
Event: 178.247 Thread 0x000001ca76b094b0 Exception <a 'java/lang/NoSuchMethodError'{0x00000000faee7cd0}: 'java.lang.Object java.lang.invoke.DelegatingMethodHandle$Holder.delegate(java.lang.Object, java.lang.Object, java.lang.Object, java.lang.Object, java.lang.Object, java.lang.Object, java.lang.Object, java.lang.Object, java.lang.Object, java.lang.Object, java.lang.Object, java.lang.Object, java.lang.Object)'> (0x00000000faee7cd0) 
thrown [s\src\hotspot\share\interpreter\linkResolver.cpp, line 773]
Event: 178.307 Thread 0x000001ca76b094b0 Exception <a 'sun/nio/fs/WindowsException'{0x00000000fac28d68}> (0x00000000fac28d68) 
thrown [s\src\hotspot\share\prims\jni.cpp, line 520]
Event: 178.510 Thread 0x000001ca76b094b0 Exception <a 'java/lang/NoSuchMethodError'{0x00000000fa414250}: 'java.lang.Object java.lang.invoke.Invokers$Holder.invokeExact_MT(java.lang.Object, java.lang.Object, java.lang.Object, int, java.lang.Object, java.lang.Object)'> (0x00000000fa414250) 
thrown [s\src\hotspot\share\interpreter\linkResolver.cpp, line 773]

ZGC Phase Switch (0 events):
No events

VM Operations (20 events):
Event: 178.253 Executing VM operation: HandshakeAllThreads (Deoptimize)
Event: 178.253 Executing VM operation: HandshakeAllThreads (Deoptimize) done
Event: 178.370 Executing VM operation: HandshakeAllThreads (Deoptimize)
Event: 178.370 Executing VM operation: HandshakeAllThreads (Deoptimize) done
Event: 178.578 Executing VM operation: HandshakeAllThreads (Deoptimize)
Event: 178.579 Executing VM operation: HandshakeAllThreads (Deoptimize) done
Event: 178.596 Executing VM operation: ICBufferFull
Event: 178.597 Executing VM operation: ICBufferFull done
Event: 179.599 Executing VM operation: Cleanup
Event: 179.600 Executing VM operation: Cleanup done
Event: 180.276 Executing VM operation: HandshakeAllThreads (HandshakeForDeflation)
Event: 180.276 Executing VM operation: HandshakeAllThreads (HandshakeForDeflation) done
Event: 180.276 Executing VM operation: RendezvousGCThreads
Event: 180.276 Executing VM operation: RendezvousGCThreads done
Event: 181.279 Executing VM operation: Cleanup
Event: 181.279 Executing VM operation: Cleanup done
Event: 182.283 Executing VM operation: Cleanup
Event: 182.283 Executing VM operation: Cleanup done
Event: 183.290 Executing VM operation: Cleanup
Event: 183.290 Executing VM operation: Cleanup done

Memory protections (0 events):
No events

Nmethod flushes (20 events):
Event: 176.398 Thread 0x000001ca287159c0 flushing  nmethod 0x000001ca14f7a710
Event: 176.398 Thread 0x000001ca287159c0 flushing  nmethod 0x000001ca14f7b690
Event: 176.398 Thread 0x000001ca287159c0 flushing  nmethod 0x000001ca14f7c710
Event: 176.398 Thread 0x000001ca287159c0 flushing osr nmethod 0x000001ca14f7d210
Event: 176.398 Thread 0x000001ca287159c0 flushing  nmethod 0x000001ca151f7790
Event: 176.398 Thread 0x000001ca287159c0 flushing  nmethod 0x000001ca1521ae10
Event: 176.398 Thread 0x000001ca287159c0 flushing  nmethod 0x000001ca15348a90
Event: 176.398 Thread 0x000001ca287159c0 flushing  nmethod 0x000001ca15349c90
Event: 176.398 Thread 0x000001ca287159c0 flushing  nmethod 0x000001ca153aea90
Event: 176.398 Thread 0x000001ca287159c0 flushing  nmethod 0x000001ca153b1710
Event: 176.398 Thread 0x000001ca287159c0 flushing  nmethod 0x000001ca153b3290
Event: 176.398 Thread 0x000001ca287159c0 flushing  nmethod 0x000001ca153b5010
Event: 176.398 Thread 0x000001ca287159c0 flushing  nmethod 0x000001ca15529d10
Event: 176.398 Thread 0x000001ca287159c0 flushing  nmethod 0x000001ca1553af10
Event: 176.398 Thread 0x000001ca287159c0 flushing  nmethod 0x000001ca1567c910
Event: 176.398 Thread 0x000001ca287159c0 flushing  nmethod 0x000001ca1569c890
Event: 176.398 Thread 0x000001ca287159c0 flushing  nmethod 0x000001ca1572d290
Event: 176.398 Thread 0x000001ca287159c0 flushing  nmethod 0x000001ca15af5490
Event: 176.399 Thread 0x000001ca287159c0 flushing  nmethod 0x000001ca15afa510
Event: 176.399 Thread 0x000001ca287159c0 flushing  nmethod 0x000001ca15bff610

Events (20 events):
Event: 177.422 Thread 0x000001ca76a9f620 Thread added: 0x000001ca76b07a70
Event: 177.422 Thread 0x000001ca76a9f620 Thread added: 0x000001ca76b09b40
Event: 177.422 Thread 0x000001ca76a9f620 Thread added: 0x000001ca76b08100
Event: 177.422 Thread 0x000001ca76a9f620 Thread added: 0x000001ca76b08790
Event: 177.422 Thread 0x000001ca76a9f620 Thread added: 0x000001ca76b08e20
Event: 177.422 Thread 0x000001ca76a9f620 Thread added: 0x000001ca76b094b0
Event: 177.446 Thread 0x000001ca76b08e20 Thread added: 0x000001ca7eb13170
Event: 177.481 Thread 0x000001ca7e1aaab0 Thread added: 0x000001ca70fd55d0
Event: 177.564 Thread 0x000001ca28736940 Thread added: 0x000001ca70f138b0
Event: 177.615 Thread 0x000001ca7e1aaab0 Thread added: 0x000001ca70fd7110
Event: 177.770 Thread 0x000001ca28736940 Thread added: 0x000001ca70f12b10
Event: 177.770 Thread 0x000001ca28736940 Thread added: 0x000001ca70f12440
Event: 177.785 Thread 0x000001ca76b094b0 Thread added: 0x000001ca75a45690
Event: 178.362 Thread 0x000001ca70f12440 Thread exited: 0x000001ca70f12440
Event: 178.506 Thread 0x000001ca70f12b10 Thread exited: 0x000001ca70f12b10
Event: 179.615 Thread 0x000001ca70fd55d0 Thread exited: 0x000001ca70fd55d0
Event: 180.750 Thread 0x000001ca70fd7110 Thread exited: 0x000001ca70fd7110
Event: 180.750 Thread 0x000001ca70f138b0 Thread exited: 0x000001ca70f138b0
Event: 180.751 Thread 0x000001ca7e1aaab0 Thread exited: 0x000001ca7e1aaab0
Event: 180.903 Thread 0x000001ca7e1a9d10 Thread exited: 0x000001ca7e1a9d10


Dynamic libraries:
0x00007ff778ae0000 - 0x00007ff778aee000 	C:\Users\cpg07\.gradle\jdks\adoptium-21-x64-hotspot-windows\bin\java.exe
0x00007ffda31a0000 - 0x00007ffda3408000 	C:\WINDOWS\SYSTEM32\ntdll.dll
0x00007ffda1b40000 - 0x00007ffda1c09000 	C:\WINDOWS\System32\KERNEL32.DLL
0x00007ffda03c0000 - 0x00007ffda07ad000 	C:\WINDOWS\System32\KERNELBASE.dll
0x00007ffd46ab0000 - 0x00007ffd46b8b000 	C:\Program Files\Bitdefender\Bitdefender Security\bdhkm\dlls_267843991070830869\bdhkm64.dll
0x00007ffd42570000 - 0x00007ffd42739000 	C:\Program Files\Bitdefender\Bitdefender Security\atcuf\dlls_267917486773657189\atcuf64.dll
0x00007ffda0860000 - 0x00007ffda09ab000 	C:\WINDOWS\System32\ucrtbase.dll
0x00007ffd65f00000 - 0x00007ffd65f18000 	C:\Users\cpg07\.gradle\jdks\adoptium-21-x64-hotspot-windows\bin\jli.dll
0x00007ffda2590000 - 0x00007ffda275c000 	C:\WINDOWS\System32\USER32.dll
0x00007ffda02f0000 - 0x00007ffda0317000 	C:\WINDOWS\System32\win32u.dll
0x00007ffda27f0000 - 0x00007ffda281b000 	C:\WINDOWS\System32\GDI32.dll
0x00007ffda0e00000 - 0x00007ffda0f37000 	C:\WINDOWS\System32\gdi32full.dll
0x00007ffda07b0000 - 0x00007ffda0853000 	C:\WINDOWS\System32\msvcp_win.dll
0x00007ffd65410000 - 0x00007ffd6542b000 	C:\Users\cpg07\.gradle\jdks\adoptium-21-x64-hotspot-windows\bin\VCRUNTIME140.dll
0x00007ffd7db60000 - 0x00007ffd7ddfa000 	C:\WINDOWS\WinSxS\amd64_microsoft.windows.common-controls_6595b64144ccf1df_6.0.26100.4484_none_3e0e6d4ce32ef3b3\COMCTL32.dll
0x00007ffda1d80000 - 0x00007ffda1e29000 	C:\WINDOWS\System32\msvcrt.dll
0x00007ffda13c0000 - 0x00007ffda13ef000 	C:\WINDOWS\System32\IMM32.DLL
0x00007ffd5fe50000 - 0x00007ffd5fe5c000 	C:\Users\cpg07\.gradle\jdks\adoptium-21-x64-hotspot-windows\bin\vcruntime140_1.dll
0x00007ffd53100000 - 0x00007ffd5318e000 	C:\Users\cpg07\.gradle\jdks\adoptium-21-x64-hotspot-windows\bin\msvcp140.dll
0x00007ffc48740000 - 0x00007ffc494c8000 	C:\Users\cpg07\.gradle\jdks\adoptium-21-x64-hotspot-windows\bin\server\jvm.dll
0x00007ffda0f40000 - 0x00007ffda0ff4000 	C:\WINDOWS\System32\ADVAPI32.dll
0x00007ffda1000000 - 0x00007ffda10a6000 	C:\WINDOWS\System32\sechost.dll
0x00007ffda2820000 - 0x00007ffda2938000 	C:\WINDOWS\System32\RPCRT4.dll
0x00007ffda1340000 - 0x00007ffda13b4000 	C:\WINDOWS\System32\WS2_32.dll
0x00007ffd9ffa0000 - 0x00007ffd9fffe000 	C:\WINDOWS\SYSTEM32\POWRPROF.dll
0x00007ffd970e0000 - 0x00007ffd97115000 	C:\WINDOWS\SYSTEM32\WINMM.dll
0x00007ffd97ab0000 - 0x00007ffd97abb000 	C:\WINDOWS\SYSTEM32\VERSION.dll
0x00007ffd9ff80000 - 0x00007ffd9ff94000 	C:\WINDOWS\SYSTEM32\UMPDC.dll
0x00007ffd9f050000 - 0x00007ffd9f06b000 	C:\WINDOWS\SYSTEM32\kernel.appcore.dll
0x00007ffd5fe40000 - 0x00007ffd5fe4a000 	C:\Users\cpg07\.gradle\jdks\adoptium-21-x64-hotspot-windows\bin\jimage.dll
0x00007ffd9d170000 - 0x00007ffd9d3b1000 	C:\WINDOWS\SYSTEM32\DBGHELP.DLL
0x00007ffda2940000 - 0x00007ffda2cc6000 	C:\WINDOWS\System32\combase.dll
0x00007ffda1a50000 - 0x00007ffda1b30000 	C:\WINDOWS\System32\OLEAUT32.dll
0x00007ffd7b650000 - 0x00007ffd7b693000 	C:\WINDOWS\SYSTEM32\dbgcore.DLL
0x00007ffda0320000 - 0x00007ffda03b9000 	C:\WINDOWS\System32\bcryptPrimitives.dll
0x00007ffd5fe30000 - 0x00007ffd5fe3f000 	C:\Users\cpg07\.gradle\jdks\adoptium-21-x64-hotspot-windows\bin\instrument.dll
0x00007ffd5f790000 - 0x00007ffd5f7af000 	C:\Users\cpg07\.gradle\jdks\adoptium-21-x64-hotspot-windows\bin\java.dll
0x00007ffda1e30000 - 0x00007ffda257a000 	C:\WINDOWS\System32\SHELL32.dll
0x00007ffda0c80000 - 0x00007ffda0df4000 	C:\WINDOWS\System32\wintypes.dll
0x00007ffd9df10000 - 0x00007ffd9e76b000 	C:\WINDOWS\SYSTEM32\windows.storage.dll
0x00007ffda1140000 - 0x00007ffda1235000 	C:\WINDOWS\System32\SHCORE.dll
0x00007ffda1c90000 - 0x00007ffda1cfa000 	C:\WINDOWS\System32\shlwapi.dll
0x00007ffda0200000 - 0x00007ffda022f000 	C:\WINDOWS\SYSTEM32\profapi.dll
0x00007ffd3e920000 - 0x00007ffd3e9f7000 	C:\Users\cpg07\.gradle\jdks\adoptium-21-x64-hotspot-windows\bin\jsvml.dll
0x00007ffd5ee50000 - 0x00007ffd5ee68000 	C:\Users\cpg07\.gradle\jdks\adoptium-21-x64-hotspot-windows\bin\zip.dll
0x00007ffd5f070000 - 0x00007ffd5f080000 	C:\Users\cpg07\.gradle\jdks\adoptium-21-x64-hotspot-windows\bin\net.dll
0x00007ffd96360000 - 0x00007ffd9647e000 	C:\WINDOWS\SYSTEM32\WINHTTP.dll
0x00007ffd9f5c0000 - 0x00007ffd9f62a000 	C:\WINDOWS\system32\mswsock.dll
0x00007ffd5d9b0000 - 0x00007ffd5d9c6000 	C:\Users\cpg07\.gradle\jdks\adoptium-21-x64-hotspot-windows\bin\nio.dll
0x00007ffd5ee40000 - 0x00007ffd5ee50000 	C:\Users\cpg07\.gradle\jdks\adoptium-21-x64-hotspot-windows\bin\verify.dll
0x00007ffd575c0000 - 0x00007ffd575e7000 	C:\Users\cpg07\.gradle\native\1def1411415f61bf3af743bc5b6707747c0891f09f0c88961ee8f79bc544acac\windows-amd64\native-platform.dll
0x00007ffd3dc90000 - 0x00007ffd3dd08000 	C:\Users\cpg07\.gradle\native\0.2.6\x86_64-windows-gnu\gradle-fileevents.dll
0x00007ffd5dda0000 - 0x00007ffd5ddaa000 	C:\Users\cpg07\.gradle\jdks\adoptium-21-x64-hotspot-windows\bin\management.dll
0x00007ffd5d9a0000 - 0x00007ffd5d9ab000 	C:\Users\cpg07\.gradle\jdks\adoptium-21-x64-hotspot-windows\bin\management_ext.dll
0x00007ffda1130000 - 0x00007ffda1138000 	C:\WINDOWS\System32\PSAPI.DLL
0x00007ffd9eab0000 - 0x00007ffd9eae3000 	C:\WINDOWS\SYSTEM32\IPHLPAPI.DLL
0x00007ffda1890000 - 0x00007ffda189a000 	C:\WINDOWS\System32\NSI.dll
0x00007ffd5a790000 - 0x00007ffd5a799000 	C:\Users\cpg07\.gradle\jdks\adoptium-21-x64-hotspot-windows\bin\extnet.dll
0x00007ffd9f9a0000 - 0x00007ffd9f9bb000 	C:\WINDOWS\SYSTEM32\CRYPTSP.dll
0x00007ffd9efb0000 - 0x00007ffd9efeb000 	C:\WINDOWS\system32\rsaenh.dll
0x00007ffd9f660000 - 0x00007ffd9f68b000 	C:\WINDOWS\SYSTEM32\USERENV.dll
0x00007ffda01d0000 - 0x00007ffda01f6000 	C:\WINDOWS\SYSTEM32\bcrypt.dll
0x00007ffd9f800000 - 0x00007ffd9f80c000 	C:\WINDOWS\SYSTEM32\CRYPTBASE.dll
0x00007ffd597a0000 - 0x00007ffd597ae000 	C:\Users\cpg07\.gradle\jdks\adoptium-21-x64-hotspot-windows\bin\sunmscapi.dll
0x00007ffda0b00000 - 0x00007ffda0c77000 	C:\WINDOWS\System32\CRYPT32.dll
0x00007ffd9faf0000 - 0x00007ffd9fb20000 	C:\WINDOWS\SYSTEM32\ncrypt.dll
0x00007ffd9faa0000 - 0x00007ffd9fadf000 	C:\WINDOWS\SYSTEM32\NTASN1.dll
0x00007ffd652f0000 - 0x00007ffd652f8000 	C:\WINDOWS\system32\wshunix.dll
0x00007ffd9eb50000 - 0x00007ffd9ec76000 	C:\WINDOWS\SYSTEM32\DNSAPI.dll
0x00007ffd974f0000 - 0x00007ffd974fb000 	C:\Windows\System32\rasadhlp.dll
0x00007ffd95c70000 - 0x00007ffd95cf6000 	C:\WINDOWS\System32\fwpuclnt.dll
0x00007ffd9f180000 - 0x00007ffd9f1b6000 	C:\WINDOWS\SYSTEM32\ntmarta.dll

dbghelp: loaded successfully - version: 4.0.5 - missing functions: none
symbol engine: initialized successfully - sym options: 0x614 - pdb path: .;C:\Users\cpg07\.gradle\jdks\adoptium-21-x64-hotspot-windows\bin;C:\WINDOWS\SYSTEM32;C:\Program Files\Bitdefender\Bitdefender Security\bdhkm\dlls_267843991070830869;C:\Program Files\Bitdefender\Bitdefender Security\atcuf\dlls_267917486773657189;C:\WINDOWS\WinSxS\amd64_microsoft.windows.common-controls_6595b64144ccf1df_6.0.26100.4484_none_3e0e6d4ce32ef3b3;C:\Users\cpg07\.gradle\jdks\adoptium-21-x64-hotspot-windows\bin\server;C:\Users\cpg07\.gradle\native\1def1411415f61bf3af743bc5b6707747c0891f09f0c88961ee8f79bc544acac\windows-amd64;C:\Users\cpg07\.gradle\native\0.2.6\x86_64-windows-gnu

VM Arguments:
jvm_args: --add-opens=java.base/java.lang=ALL-UNNAMED --add-opens=java.base/java.lang.invoke=ALL-UNNAMED --add-opens=java.base/java.util=ALL-UNNAMED --add-opens=java.prefs/java.util.prefs=ALL-UNNAMED --add-exports=jdk.compiler/com.sun.tools.javac.api=ALL-UNNAMED --add-exports=jdk.compiler/com.sun.tools.javac.util=ALL-UNNAMED --add-opens=java.base/java.util=ALL-UNNAMED --add-opens=java.prefs/java.util.prefs=ALL-UNNAMED --add-opens=java.base/java.nio.charset=ALL-UNNAMED --add-opens=java.base/java.net=ALL-UNNAMED --add-opens=java.base/java.util.concurrent.atomic=ALL-UNNAMED --add-opens=java.xml/javax.xml.namespace=ALL-UNNAMED -Xmx2G -Dfile.encoding=UTF-8 -Duser.country=CA -Duser.language=en -Duser.variant -javaagent:C:\Users\cpg07\.gradle\wrapper\dists\gradle-8.12.1-bin\eumc4uhoysa37zql93vfjkxy0\gradle-8.12.1\lib\agents\gradle-instrumentation-agent-8.12.1.jar 
java_command: org.gradle.launcher.daemon.bootstrap.GradleDaemon 8.12.1
java_class_path (initial): C:\Users\cpg07\.gradle\wrapper\dists\gradle-8.12.1-bin\eumc4uhoysa37zql93vfjkxy0\gradle-8.12.1\lib\gradle-daemon-main-8.12.1.jar
Launcher Type: SUN_STANDARD

[Global flags]
     intx CICompilerCount                          = 12                                        {product} {ergonomic}
     uint ConcGCThreads                            = 3                                         {product} {ergonomic}
     uint G1ConcRefinementThreads                  = 13                                        {product} {ergonomic}
   size_t G1HeapRegionSize                         = 1048576                                   {product} {ergonomic}
    uintx GCDrainStackTargetSize                   = 64                                        {product} {ergonomic}
   size_t InitialHeapSize                          = 534773760                                 {product} {ergonomic}
   size_t MarkStackSize                            = 4194304                                   {product} {ergonomic}
   size_t MaxHeapSize                              = 2147483648                                {product} {command line}
   size_t MaxNewSize                               = 1287651328                                {product} {ergonomic}
   size_t MinHeapDeltaBytes                        = 1048576                                   {product} {ergonomic}
   size_t MinHeapSize                              = 8388608                                   {product} {ergonomic}
    uintx NonNMethodCodeHeapSize                   = 7602480                                {pd product} {ergonomic}
    uintx NonProfiledCodeHeapSize                  = 122027880                              {pd product} {ergonomic}
    uintx ProfiledCodeHeapSize                     = 122027880                              {pd product} {ergonomic}
    uintx ReservedCodeCacheSize                    = 251658240                              {pd product} {ergonomic}
     bool SegmentedCodeCache                       = true                                      {product} {ergonomic}
   size_t SoftMaxHeapSize                          = 2147483648                             {manageable} {ergonomic}
     bool UseCompressedOops                        = true                           {product lp64_product} {ergonomic}
     bool UseG1GC                                  = true                                      {product} {ergonomic}
     bool UseLargePagesIndividualAllocation        = false                                  {pd product} {ergonomic}

Logging:
Log output configuration:
 #0: stdout all=warning uptime,level,tags foldmultilines=false
 #1: stderr all=off uptime,level,tags foldmultilines=false

Environment Variables:
PATH=C:\Program Files\Common Files\Oracle\Java\javapath;C:\Program Files (x86)\Common Files\Oracle\Java\java8path;C:\Program Files (x86)\Common Files\Oracle\Java\javapath;C:\VulkanSDK\1.3.290.0\Bin;C:\Program Files\Microsoft MPI\Bin\;C:\Program Files (x86)\Common Files\Intel\Shared Libraries\redist\intel64\compiler;C:\Program Files\Oculus\Support\oculus-runtime;C:\Program Files\ImageMagick-7.1.1-Q16-HDRI;C:\Windows\system32;C:\Windows;C:\Windows\System32\Wbem;C:\Windows\System32\WindowsPowerShell\v1.0\;C:\Windows\System32\OpenSSH\;C:\Program Files (x86)\NVIDIA Corporation\PhysX\Common;C:\Program Files\dotnet\;C:\Program Files\Gource\cmd;C:\Program Files (x86)\dotnet\;C:\Program Files\WireGuard\;C:\ADB\;C:\ProgramData\chocolatey\bin;C:\WINDOWS\system32;C:\WINDOWS;C:\WINDOWS\System32\Wbem;C:\WINDOWS\System32\WindowsPowerShell\v1.0\;C:\WINDOWS\System32\OpenSSH\;C:\Program Files\NVIDIA Corporation\NVIDIA App\NvDLISR;C:\Program Files (x86)\sox-14-4-2;C:\Program Files\Git LFS;C:\Program Files\Java\jdk-17\bin\;C:\Program Files\GitHub CLI\;C:\Program Files\WorldPainter;C:\Program Files (x86)\oh-my-posh\bin;C:\Program Files\CMake\bin;C:\Program Files\Tailscale\;C:\Program Files\Git\cmd;C:\Maven\;C:\Program Files (x86)\Windows Kits\10\Windows Performance Toolkit\;C:\Users\cpg07\AppData\Local\Android\Sdk;C:\Program Files\nodejs\;C:\Users\cpg07\AppData\Local\Packages\PythonSoftwareFoundation.Python.3.10_qbz5n2kfra8p0\;C:\WINDOWS\system32;C:\WINDOWS;C:\WINDOWS\System32\Wbem;C:\WINDOWS\System32\WindowsPowerShell\v1.0\;C:\WINDOWS\System32\OpenSSH\;C:\Program Files\PowerShell\7\;C:\Program Files\Cloudflare\Cloudflare WARP\;C:\Users\cpg07\scoop\shims;C:\Users\cpg07\AppData\Local\Programs\Python\Python313\Scripts\;C:\Users\cpg07\AppData\Local\Programs\Python\Python313\;C:\Users\cpg07\AppData\Local\pnpm;C:\Users\cpg07\AppData\Local\spicetify;C:\Users\cpg07\AppData\Local\GitHubDesktop\bin;C:\Users\cpg07\AppData\Roaming\npm;c:\users\cpg07\.local\bin;C:\Users\cpg07\AppData\Local\gitkraken\bin;%USERPROFILE%\AppData\Local\Microsoft\WindowsApps;
USERNAME=Cart
OS=Windows_NT
PROCESSOR_IDENTIFIER=Intel64 Family 6 Model 151 Stepping 2, GenuineIntel
TMP=C:\Users\cpg07\AppData\Local\Temp
TEMP=C:\Users\cpg07\AppData\Local\Temp




Periodic native trim disabled

---------------  S Y S T E M  ---------------

OS:
 Windows 11 , 64 bit Build 26100 (10.0.26100.4484)
OS uptime: 0 days 22:55 hours
Hyper-V role detected

CPU: total 16 (initial active 16) (8 cores per cpu, 2 threads per core) family 6 model 151 stepping 2 microcode 0x36, cx8, cmov, fxsr, ht, mmx, 3dnowpref, sse, sse2, sse3, ssse3, sse4.1, sse4.2, popcnt, lzcnt, tsc, tscinvbit, avx, avx2, aes, erms, clmul, bmi1, bmi2, adx, sha, fma, vzeroupper, clflush, clflushopt, clwb, hv, serialize, rdtscp, rdpid, fsrm, f16c, cet_ibt, cet_ss
Processor Information for all 16 processors :
  Max Mhz: 3700, Current Mhz: 3700, Mhz Limit: 3700

Memory: 4k page, system-wide physical 32546M (2873M free)
TotalPageFile size 47809M (AvailPageFile size 0M)
current process WorkingSet (physical memory assigned to process): 1569M, peak: 1612M
current process commit charge ("private bytes"): 1626M, peak: 1661M

vm_info: OpenJDK 64-Bit Server VM (21.0.4+7-LTS) for windows-amd64 JRE (21.0.4+7-LTS), built on 2024-07-16T00:00:00Z by "admin" with MS VC++ 17.7 (VS2022)

END.
